{
  "num_nodes": 217,
  "num_edges": 19191,
  "density": 0.818868407578085,
  "avg_degree": 176.87557603686636,
  "max_degree": 197,
  "num_components": 3,
  "largest_component_size": 201,
  "avg_clustering": 0.9373266775431428,
  "modularity": 0
}