{
  "num_nodes": 212,
  "num_edges": 15317,
  "density": 0.6848341232227488,
  "avg_degree": 144.5,
  "max_degree": 175,
  "num_components": 4,
  "largest_component_size": 176,
  "avg_clustering": 0.8826112107749359,
  "modularity": 0
}