{
  "num_nodes": 231,
  "num_edges": 24671,
  "density": 0.9287031808770939,
  "avg_degree": 213.60173160173161,
  "max_degree": 225,
  "num_components": 1,
  "largest_component_size": 231,
  "avg_clustering": 0.9675877298076047,
  "modularity": 0
}