step,value,metric,seed
1000,0.9857438260729068,avg_clustering,seed000
2000,0.9738725738899856,avg_clustering,seed000
3000,0.966533907135568,avg_clustering,seed000
4000,0.9721611315429352,avg_clustering,seed000
5000,0.965829683345176,avg_clustering,seed000
6000,0.9663844141467264,avg_clustering,seed000
7000,0.9649584765710604,avg_clustering,seed000
8000,0.967929221998922,avg_clustering,seed000
9000,0.9300230026496524,avg_clustering,seed000
10000,0.9216695578869668,avg_clustering,seed000
11000,0.938582901685474,avg_clustering,seed000
12000,0.9550023418662454,avg_clustering,seed000
13000,0.96961005942913,avg_clustering,seed000
14000,0.963944275290444,avg_clustering,seed000
15000,0.9775914420431564,avg_clustering,seed000
16000,0.9827769569011634,avg_clustering,seed000
17000,0.9868765515226902,avg_clustering,seed000
18000,0.9736568971284976,avg_clustering,seed000
19000,0.9678961214346846,avg_clustering,seed000
20000,0.964204070135457,avg_clustering,seed000
21000,0.9595583925965072,avg_clustering,seed000
22000,0.9735737107630082,avg_clustering,seed000
23000,0.9700425785569096,avg_clustering,seed000
24000,0.9666482554859862,avg_clustering,seed000
25000,0.9668637455619168,avg_clustering,seed000
26000,0.9670962623682278,avg_clustering,seed000
27000,0.9665193298833996,avg_clustering,seed000
28000,0.9679223086968028,avg_clustering,seed000
29000,0.9644879177537864,avg_clustering,seed000
30000,0.9616724608332116,avg_clustering,seed000
1000,,avg_clustering_delta,seed000
2000,-0.0118712521829212,avg_clustering_delta,seed000
3000,-0.0073386667544176,avg_clustering_delta,seed000
4000,0.0056272244073672,avg_clustering_delta,seed000
5000,-0.0063314481977592,avg_clustering_delta,seed000
6000,0.0005547308015502,avg_clustering_delta,seed000
7000,-0.0014259375756658,avg_clustering_delta,seed000
8000,0.0029707454278616,avg_clustering_delta,seed000
9000,-0.0379062193492695,avg_clustering_delta,seed000
10000,-0.0083534447626858,avg_clustering_delta,seed000
11000,0.0169133437985073,avg_clustering_delta,seed000
12000,0.0164194401807713,avg_clustering_delta,seed000
13000,0.0146077175628844,avg_clustering_delta,seed000
14000,-0.0056657841386857,avg_clustering_delta,seed000
15000,0.0136471667527123,avg_clustering_delta,seed000
16000,0.0051855148580068,avg_clustering_delta,seed000
17000,0.0040995946215267,avg_clustering_delta,seed000
18000,-0.0132196543941927,avg_clustering_delta,seed000
19000,-0.0057607756938128,avg_clustering_delta,seed000
20000,-0.0036920512992276,avg_clustering_delta,seed000
21000,-0.0046456775389498,avg_clustering_delta,seed000
22000,0.0140153181665011,avg_clustering_delta,seed000
23000,-0.0035311322060986,avg_clustering_delta,seed000
24000,-0.0033943230709233,avg_clustering_delta,seed000
25000,0.0002154900759306,avg_clustering_delta,seed000
26000,0.0002325168063108,avg_clustering_delta,seed000
27000,-0.0005769324848281,avg_clustering_delta,seed000
28000,0.0014029788134031,avg_clustering_delta,seed000
29000,-0.0034343909430162,avg_clustering_delta,seed000
30000,-0.0028154569205748,avg_clustering_delta,seed000
1000,,avg_clustering_rel_change,seed000
2000,-0.0120429384074511,avg_clustering_rel_change,seed000
3000,-0.0075355513145877,avg_clustering_rel_change,seed000
4000,0.0058220662160153,avg_clustering_rel_change,seed000
5000,-0.0065127559540572,avg_clustering_rel_change,seed000
6000,0.0005743567536968,avg_clustering_rel_change,seed000
7000,-0.0014755386725943,avg_clustering_rel_change,seed000
8000,0.0030786251429368,avg_clustering_rel_change,seed000
9000,-0.0391621809609047,avg_clustering_rel_change,seed000
10000,-0.0089819765090612,avg_clustering_rel_change,seed000
11000,0.0183507675324365,avg_clustering_rel_change,seed000
12000,0.0174938624508138,avg_clustering_rel_change,seed000
13000,0.0152960018237635,avg_clustering_rel_change,seed000
14000,-0.0058433636115755,avg_clustering_rel_change,seed000
15000,0.0141576303760924,avg_clustering_rel_change,seed000
16000,0.0053043783271764,avg_clustering_rel_change,seed000
17000,0.0041714395038863,avg_clustering_rel_change,seed000
18000,-0.0133954488773652,avg_clustering_rel_change,seed000
19000,-0.0059166383053439,avg_clustering_rel_change,seed000
20000,-0.0038145119269152,avg_clustering_rel_change,seed000
21000,-0.0048181476129811,avg_clustering_rel_change,seed000
22000,0.0146060086333845,avg_clustering_rel_change,seed000
23000,-0.0036269798239839,avg_clustering_rel_change,seed000
24000,-0.0034991485383795,avg_clustering_rel_change,seed000
25000,0.0002229250140448,avg_clustering_rel_change,seed000
26000,0.0002404855982842,avg_clustering_rel_change,seed000
27000,-0.0005965615908961,avg_clustering_rel_change,seed000
28000,0.0014515786389626,avg_clustering_rel_change,seed000
29000,-0.003548209305807,avg_clustering_rel_change,seed000
30000,-0.0029191209850837,avg_clustering_rel_change,seed000
1000,0.9857438260729068,avg_clustering_rolling_avg,seed000
2000,0.9798081999814464,avg_clustering_rolling_avg,seed000
3000,0.9753834356994868,avg_clustering_rolling_avg,seed000
4000,0.970855870856163,avg_clustering_rolling_avg,seed000
5000,0.9681749073412264,avg_clustering_rolling_avg,seed000
6000,0.968125076344946,avg_clustering_rolling_avg,seed000
7000,0.965724191354321,avg_clustering_rolling_avg,seed000
8000,0.9664240375722364,avg_clustering_rolling_avg,seed000
9000,0.9543035670732116,avg_clustering_rolling_avg,seed000
10000,0.9398739275118472,avg_clustering_rolling_avg,seed000
11000,0.9300918207406976,avg_clustering_rolling_avg,seed000
12000,0.9384182671462288,avg_clustering_rolling_avg,seed000
13000,0.9543984343269498,avg_clustering_rolling_avg,seed000
14000,0.9628522255286066,avg_clustering_rolling_avg,seed000
15000,0.9703819255875769,avg_clustering_rolling_avg,seed000
16000,0.974770891411588,avg_clustering_rolling_avg,seed000
17000,0.9824149834890034,avg_clustering_rolling_avg,seed000
18000,0.9811034685174504,avg_clustering_rolling_avg,seed000
19000,0.976143190028624,avg_clustering_rolling_avg,seed000
20000,0.9685856962328796,avg_clustering_rolling_avg,seed000
21000,0.9638861947222164,avg_clustering_rolling_avg,seed000
22000,0.965778724498324,avg_clustering_rolling_avg,seed000
23000,0.9677248939721416,avg_clustering_rolling_avg,seed000
24000,0.970088181601968,avg_clustering_rolling_avg,seed000
25000,0.9678515265349376,avg_clustering_rolling_avg,seed000
26000,0.9668694211387102,avg_clustering_rolling_avg,seed000
27000,0.966826445937848,avg_clustering_rolling_avg,seed000
28000,0.9671793003161434,avg_clustering_rolling_avg,seed000
29000,0.9663098521113296,avg_clustering_rolling_avg,seed000
30000,0.9646942290946005,avg_clustering_rolling_avg,seed000
1000,250.6953125,avg_degree,seed000
2000,246.7578125,avg_degree,seed000
3000,240.7921568627451,avg_degree,seed000
4000,244.0546875,avg_degree,seed000
5000,233.699604743083,avg_degree,seed000
6000,230.6827309236948,avg_degree,seed000
7000,235.4206349206349,avg_degree,seed000
8000,236.9763779527559,avg_degree,seed000
9000,207.06349206349208,avg_degree,seed000
10000,204.71146245059288,avg_degree,seed000
11000,216.73809523809524,avg_degree,seed000
12000,230.98425196850397,avg_degree,seed000
13000,242.5275590551181,avg_degree,seed000
14000,238.6796875,avg_degree,seed000
15000,245.9453125,avg_degree,seed000
16000,248.2421875,avg_degree,seed000
17000,251.15625,avg_degree,seed000
18000,245.6,avg_degree,seed000
19000,241.52941176470588,avg_degree,seed000
20000,233.09803921568627,avg_degree,seed000
21000,236.3937007874016,avg_degree,seed000
22000,243.48031496062995,avg_degree,seed000
23000,242.28346456692915,avg_degree,seed000
24000,241.5607843137255,avg_degree,seed000
25000,240.9763779527559,avg_degree,seed000
26000,236.3636363636364,avg_degree,seed000
27000,236.88888888888889,avg_degree,seed000
28000,233.68253968253967,avg_degree,seed000
29000,236.5418326693227,avg_degree,seed000
30000,232.4223107569721,avg_degree,seed000
1000,0.9831188725490196,density,seed000
2000,0.9676776960784312,density,seed000
3000,0.9480006175698624,density,seed000
4000,0.9570772058823528,density,seed000
5000,0.9273793839011232,density,seed000
6000,0.9301723021116725,density,seed000
7000,0.937930816416872,density,seed000
8000,0.936665525504964,density,seed000
9000,0.8249541516473787,density,seed000
10000,0.8123470732166385,density,seed000
11000,0.8634983874027699,density,seed000
12000,0.9129812330770908,density,seed000
13000,0.958606952787028,density,seed000
14000,0.935998774509804,density,seed000
15000,0.9644914215686274,density,seed000
16000,0.973498774509804,density,seed000
17000,0.9849264705882352,density,seed000
18000,0.9669291338582676,density,seed000
19000,0.9509031959240388,density,seed000
20000,0.9177088158097884,density,seed000
21000,0.9343624537051446,density,seed000
22000,0.9623727864056518,density,seed000
23000,0.9576421524384552,density,seed000
24000,0.951026709896557,density,seed000
25000,0.952475802184806,density,seed000
26000,0.937950937950938,density,seed000
27000,0.9437804338202744,density,seed000
28000,0.9310061341933852,density,seed000
29000,0.9461673306772908,density,seed000
30000,0.9296892430278884,density,seed000
1000,,density_delta,seed000
2000,-0.0154411764705882,density_delta,seed000
3000,-0.0196770785085688,density_delta,seed000
4000,0.0090765883124903,density_delta,seed000
5000,-0.0296978219812298,density_delta,seed000
6000,0.0027929182105493,density_delta,seed000
7000,0.0077585143051996,density_delta,seed000
8000,-0.001265290911908,density_delta,seed000
9000,-0.1117113738575853,density_delta,seed000
10000,-0.0126070784307402,density_delta,seed000
11000,0.0511513141861313,density_delta,seed000
12000,0.0494828456743208,density_delta,seed000
13000,0.0456257197099374,density_delta,seed000
14000,-0.0226081782772241,density_delta,seed000
15000,0.0284926470588234,density_delta,seed000
16000,0.0090073529411764,density_delta,seed000
17000,0.0114276960784314,density_delta,seed000
18000,-0.0179973367299676,density_delta,seed000
19000,-0.0160259379342287,density_delta,seed000
20000,-0.0331943801142504,density_delta,seed000
21000,0.0166536378953561,density_delta,seed000
22000,0.0280103327005072,density_delta,seed000
23000,-0.0047306339671967,density_delta,seed000
24000,-0.006615442541898,density_delta,seed000
25000,0.0014490922882489,density_delta,seed000
26000,-0.014524864233868,density_delta,seed000
27000,0.0058294958693364,density_delta,seed000
28000,-0.0127742996268892,density_delta,seed000
29000,0.0151611964839056,density_delta,seed000
30000,-0.0164780876494023,density_delta,seed000
1000,,density_rel_change,seed000
2000,-0.0157063168063823,density_rel_change,seed000
3000,-0.0203343309330279,density_rel_change,seed000
4000,0.0095744540080127,density_rel_change,seed000
5000,-0.0310297035586075,density_rel_change,seed000
6000,0.0030116242166184,density_rel_change,seed000
7000,0.0083409431646011,density_rel_change,seed000
8000,-0.0013490237123691,density_rel_change,seed000
9000,-0.1192649572507335,density_rel_change,seed000
10000,-0.0152821564756838,density_rel_change,seed000
11000,0.0629673151693503,density_rel_change,seed000
12000,0.0573050817421387,density_rel_change,seed000
13000,0.0499744332708369,density_rel_change,seed000
14000,-0.0235844088252163,density_rel_change,seed000
15000,0.0304409020981308,density_rel_change,seed000
16000,0.009338966360662,density_rel_change,seed000
17000,0.0117387883556254,density_rel_change,seed000
18000,-0.0182727718945546,density_rel_change,seed000
19000,-0.0165740563326307,density_rel_change,seed000
20000,-0.0349082643286248,density_rel_change,seed000
21000,0.0181469738641018,density_rel_change,seed000
22000,0.0299780161215108,density_rel_change,seed000
23000,-0.0049155940754155,density_rel_change,seed000
24000,-0.0069080527888764,density_rel_change,seed000
25000,0.0015237135541719,density_rel_change,seed000
26000,-0.0152495887040391,density_rel_change,seed000
27000,0.0062151394422309,density_rel_change,seed000
28000,-0.0135352452425623,density_rel_change,seed000
29000,0.016284743920663,density_rel_change,seed000
30000,-0.0174156167890587,density_rel_change,seed000
1000,0.9831188725490196,density_rolling_avg,seed000
2000,0.9753982843137254,density_rolling_avg,seed000
3000,0.966265728732438,density_rolling_avg,seed000
4000,0.9575851731768822,density_rolling_avg,seed000
5000,0.9441524024511128,density_rolling_avg,seed000
6000,0.9382096306317164,density_rolling_avg,seed000
7000,0.9318275008098892,density_rolling_avg,seed000
8000,0.934922881344503,density_rolling_avg,seed000
9000,0.8998501645230718,density_rolling_avg,seed000
10000,0.8579889167896605,density_rolling_avg,seed000
11000,0.8335998707555957,density_rolling_avg,seed000
12000,0.8629422312321663,density_rolling_avg,seed000
13000,0.9116955244222962,density_rolling_avg,seed000
14000,0.9358623201246408,density_rolling_avg,seed000
15000,0.9530323829551532,density_rolling_avg,seed000
16000,0.9579963235294118,density_rolling_avg,seed000
17000,0.9743055555555556,density_rolling_avg,seed000
18000,0.9751181263187688,density_rolling_avg,seed000
19000,0.9675862667901806,density_rolling_avg,seed000
20000,0.9451803818640316,density_rolling_avg,seed000
21000,0.9343248218129908,density_rolling_avg,seed000
22000,0.9381480186401948,density_rolling_avg,seed000
23000,0.9514591308497504,density_rolling_avg,seed000
24000,0.9570138829135546,density_rolling_avg,seed000
25000,0.9537148881732728,density_rolling_avg,seed000
26000,0.9471511500107668,density_rolling_avg,seed000
27000,0.9447357246520062,density_rolling_avg,seed000
28000,0.937579168654866,density_rolling_avg,seed000
29000,0.9403179662303168,density_rolling_avg,seed000
30000,0.9356209026328548,density_rolling_avg,seed000
1000,256.0,largest_component_size,seed000
2000,256.0,largest_component_size,seed000
3000,255.0,largest_component_size,seed000
4000,256.0,largest_component_size,seed000
5000,253.0,largest_component_size,seed000
6000,249.0,largest_component_size,seed000
7000,252.0,largest_component_size,seed000
8000,254.0,largest_component_size,seed000
9000,252.0,largest_component_size,seed000
10000,253.0,largest_component_size,seed000
11000,252.0,largest_component_size,seed000
12000,254.0,largest_component_size,seed000
13000,254.0,largest_component_size,seed000
14000,256.0,largest_component_size,seed000
15000,256.0,largest_component_size,seed000
16000,256.0,largest_component_size,seed000
17000,256.0,largest_component_size,seed000
18000,255.0,largest_component_size,seed000
19000,255.0,largest_component_size,seed000
20000,255.0,largest_component_size,seed000
21000,254.0,largest_component_size,seed000
22000,254.0,largest_component_size,seed000
23000,254.0,largest_component_size,seed000
24000,255.0,largest_component_size,seed000
25000,254.0,largest_component_size,seed000
26000,253.0,largest_component_size,seed000
27000,252.0,largest_component_size,seed000
28000,252.0,largest_component_size,seed000
29000,251.0,largest_component_size,seed000
30000,251.0,largest_component_size,seed000
1000,,largest_component_size_delta,seed000
2000,0.0,largest_component_size_delta,seed000
3000,-1.0,largest_component_size_delta,seed000
4000,1.0,largest_component_size_delta,seed000
5000,-3.0,largest_component_size_delta,seed000
6000,-4.0,largest_component_size_delta,seed000
7000,3.0,largest_component_size_delta,seed000
8000,2.0,largest_component_size_delta,seed000
9000,-2.0,largest_component_size_delta,seed000
10000,1.0,largest_component_size_delta,seed000
11000,-1.0,largest_component_size_delta,seed000
12000,2.0,largest_component_size_delta,seed000
13000,0.0,largest_component_size_delta,seed000
14000,2.0,largest_component_size_delta,seed000
15000,0.0,largest_component_size_delta,seed000
16000,0.0,largest_component_size_delta,seed000
17000,0.0,largest_component_size_delta,seed000
18000,-1.0,largest_component_size_delta,seed000
19000,0.0,largest_component_size_delta,seed000
20000,0.0,largest_component_size_delta,seed000
21000,-1.0,largest_component_size_delta,seed000
22000,0.0,largest_component_size_delta,seed000
23000,0.0,largest_component_size_delta,seed000
24000,1.0,largest_component_size_delta,seed000
25000,-1.0,largest_component_size_delta,seed000
26000,-1.0,largest_component_size_delta,seed000
27000,-1.0,largest_component_size_delta,seed000
28000,0.0,largest_component_size_delta,seed000
29000,-1.0,largest_component_size_delta,seed000
30000,0.0,largest_component_size_delta,seed000
1000,,largest_component_size_rel_change,seed000
2000,0.0,largest_component_size_rel_change,seed000
3000,-0.00390625,largest_component_size_rel_change,seed000
4000,0.0039215686274509,largest_component_size_rel_change,seed000
5000,-0.01171875,largest_component_size_rel_change,seed000
6000,-0.0158102766798419,largest_component_size_rel_change,seed000
7000,0.0120481927710842,largest_component_size_rel_change,seed000
8000,0.0079365079365079,largest_component_size_rel_change,seed000
9000,-0.0078740157480314,largest_component_size_rel_change,seed000
10000,0.0039682539682539,largest_component_size_rel_change,seed000
11000,-0.0039525691699604,largest_component_size_rel_change,seed000
12000,0.0079365079365079,largest_component_size_rel_change,seed000
13000,0.0,largest_component_size_rel_change,seed000
14000,0.0078740157480314,largest_component_size_rel_change,seed000
15000,0.0,largest_component_size_rel_change,seed000
16000,0.0,largest_component_size_rel_change,seed000
17000,0.0,largest_component_size_rel_change,seed000
18000,-0.00390625,largest_component_size_rel_change,seed000
19000,0.0,largest_component_size_rel_change,seed000
20000,0.0,largest_component_size_rel_change,seed000
21000,-0.0039215686274509,largest_component_size_rel_change,seed000
22000,0.0,largest_component_size_rel_change,seed000
23000,0.0,largest_component_size_rel_change,seed000
24000,0.0039370078740157,largest_component_size_rel_change,seed000
25000,-0.0039215686274509,largest_component_size_rel_change,seed000
26000,-0.0039370078740157,largest_component_size_rel_change,seed000
27000,-0.0039525691699604,largest_component_size_rel_change,seed000
28000,0.0,largest_component_size_rel_change,seed000
29000,-0.0039682539682539,largest_component_size_rel_change,seed000
30000,0.0,largest_component_size_rel_change,seed000
1000,255.0,max_degree,seed000
2000,255.0,max_degree,seed000
3000,253.0,max_degree,seed000
4000,254.0,max_degree,seed000
5000,250.0,max_degree,seed000
6000,244.0,max_degree,seed000
7000,249.0,max_degree,seed000
8000,250.0,max_degree,seed000
9000,242.0,max_degree,seed000
10000,244.0,max_degree,seed000
11000,243.0,max_degree,seed000
12000,249.0,max_degree,seed000
13000,252.0,max_degree,seed000
14000,253.0,max_degree,seed000
15000,254.0,max_degree,seed000
16000,255.0,max_degree,seed000
17000,255.0,max_degree,seed000
18000,254.0,max_degree,seed000
19000,253.0,max_degree,seed000
20000,250.0,max_degree,seed000
21000,251.0,max_degree,seed000
22000,253.0,max_degree,seed000
23000,253.0,max_degree,seed000
24000,253.0,max_degree,seed000
25000,253.0,max_degree,seed000
26000,249.0,max_degree,seed000
27000,249.0,max_degree,seed000
28000,247.0,max_degree,seed000
29000,249.0,max_degree,seed000
30000,247.0,max_degree,seed000
1000,0.0005028523422677,modularity,seed000
2000,0.0006237142060978,modularity,seed000
3000,0.0,modularity,seed000
4000,0.002943021992464,modularity,seed000
5000,0.0,modularity,seed000
6000,0.0,modularity,seed000
7000,0.0,modularity,seed000
8000,0.0,modularity,seed000
9000,0.0,modularity,seed000
10000,0.0,modularity,seed000
11000,0.0,modularity,seed000
12000,0.0,modularity,seed000
13000,0.0,modularity,seed000
14000,0.0016921212164979,modularity,seed000
15000,0.0019342155506059,modularity,seed000
16000,0.0023435839308145,modularity,seed000
17000,0.0010848709615339,modularity,seed000
18000,0.0,modularity,seed000
19000,0.0,modularity,seed000
20000,0.0,modularity,seed000
21000,0.0,modularity,seed000
22000,0.0,modularity,seed000
23000,0.0,modularity,seed000
24000,0.0,modularity,seed000
25000,0.0,modularity,seed000
26000,0.0,modularity,seed000
27000,0.0,modularity,seed000
28000,0.0,modularity,seed000
29000,0.0,modularity,seed000
30000,0.0,modularity,seed000
1000,1.0,num_components,seed000
2000,1.0,num_components,seed000
3000,1.0,num_components,seed000
4000,1.0,num_components,seed000
5000,1.0,num_components,seed000
6000,1.0,num_components,seed000
7000,1.0,num_components,seed000
8000,1.0,num_components,seed000
9000,1.0,num_components,seed000
10000,1.0,num_components,seed000
11000,1.0,num_components,seed000
12000,1.0,num_components,seed000
13000,1.0,num_components,seed000
14000,1.0,num_components,seed000
15000,1.0,num_components,seed000
16000,1.0,num_components,seed000
17000,1.0,num_components,seed000
18000,1.0,num_components,seed000
19000,1.0,num_components,seed000
20000,1.0,num_components,seed000
21000,1.0,num_components,seed000
22000,1.0,num_components,seed000
23000,1.0,num_components,seed000
24000,1.0,num_components,seed000
25000,1.0,num_components,seed000
26000,1.0,num_components,seed000
27000,1.0,num_components,seed000
28000,1.0,num_components,seed000
29000,1.0,num_components,seed000
30000,1.0,num_components,seed000
1000,32089.0,num_edges,seed000
2000,31585.0,num_edges,seed000
3000,30701.0,num_edges,seed000
4000,31239.0,num_edges,seed000
5000,29563.0,num_edges,seed000
6000,28720.0,num_edges,seed000
7000,29663.0,num_edges,seed000
8000,30096.0,num_edges,seed000
9000,26090.0,num_edges,seed000
10000,25896.0,num_edges,seed000
11000,27309.0,num_edges,seed000
12000,29335.0,num_edges,seed000
13000,30801.0,num_edges,seed000
14000,30551.0,num_edges,seed000
15000,31481.0,num_edges,seed000
16000,31775.0,num_edges,seed000
17000,32148.0,num_edges,seed000
18000,31314.0,num_edges,seed000
19000,30795.0,num_edges,seed000
20000,29720.0,num_edges,seed000
21000,30022.0,num_edges,seed000
22000,30922.0,num_edges,seed000
23000,30770.0,num_edges,seed000
24000,30799.0,num_edges,seed000
25000,30604.0,num_edges,seed000
26000,29900.0,num_edges,seed000
27000,29848.0,num_edges,seed000
28000,29444.0,num_edges,seed000
29000,29686.0,num_edges,seed000
30000,29169.0,num_edges,seed000
1000,,num_edges_delta,seed000
2000,-504.0,num_edges_delta,seed000
3000,-884.0,num_edges_delta,seed000
4000,538.0,num_edges_delta,seed000
5000,-1676.0,num_edges_delta,seed000
6000,-843.0,num_edges_delta,seed000
7000,943.0,num_edges_delta,seed000
8000,433.0,num_edges_delta,seed000
9000,-4006.0,num_edges_delta,seed000
10000,-194.0,num_edges_delta,seed000
11000,1413.0,num_edges_delta,seed000
12000,2026.0,num_edges_delta,seed000
13000,1466.0,num_edges_delta,seed000
14000,-250.0,num_edges_delta,seed000
15000,930.0,num_edges_delta,seed000
16000,294.0,num_edges_delta,seed000
17000,373.0,num_edges_delta,seed000
18000,-834.0,num_edges_delta,seed000
19000,-519.0,num_edges_delta,seed000
20000,-1075.0,num_edges_delta,seed000
21000,302.0,num_edges_delta,seed000
22000,900.0,num_edges_delta,seed000
23000,-152.0,num_edges_delta,seed000
24000,29.0,num_edges_delta,seed000
25000,-195.0,num_edges_delta,seed000
26000,-704.0,num_edges_delta,seed000
27000,-52.0,num_edges_delta,seed000
28000,-404.0,num_edges_delta,seed000
29000,242.0,num_edges_delta,seed000
30000,-517.0,num_edges_delta,seed000
1000,,num_edges_rel_change,seed000
2000,-0.0157063168063822,num_edges_rel_change,seed000
3000,-0.0279879689726135,num_edges_rel_change,seed000
4000,0.017523859157682,num_edges_rel_change,seed000
5000,-0.0536508851115592,num_edges_rel_change,seed000
6000,-0.0285153739471636,num_edges_rel_change,seed000
7000,0.03283426183844,num_edges_rel_change,seed000
8000,0.0145973097798604,num_edges_rel_change,seed000
9000,-0.133107389686337,num_edges_rel_change,seed000
10000,-0.007435799156765,num_edges_rel_change,seed000
11000,0.0545644114921224,num_edges_rel_change,seed000
12000,0.0741879966311471,num_edges_rel_change,seed000
13000,0.0499744332708369,num_edges_rel_change,seed000
14000,-0.0081166195902729,num_edges_rel_change,seed000
15000,0.0304409020981308,num_edges_rel_change,seed000
16000,0.009338966360662,num_edges_rel_change,seed000
17000,0.0117387883556254,num_edges_rel_change,seed000
18000,-0.0259425158641284,num_edges_rel_change,seed000
19000,-0.0165740563326307,num_edges_rel_change,seed000
20000,-0.0349082643286248,num_edges_rel_change,seed000
21000,0.0101615074024226,num_edges_rel_change,seed000
22000,0.0299780161215108,num_edges_rel_change,seed000
23000,-0.0049155940754155,num_edges_rel_change,seed000
24000,0.0009424764380889,num_edges_rel_change,seed000
25000,-0.0063313743952725,num_edges_rel_change,seed000
26000,-0.0230035289504639,num_edges_rel_change,seed000
27000,-0.0017391304347825,num_edges_rel_change,seed000
28000,-0.0135352452425623,num_edges_rel_change,seed000
29000,0.0082189919847845,num_edges_rel_change,seed000
30000,-0.0174156167890587,num_edges_rel_change,seed000
1000,256.0,num_nodes,seed000
2000,256.0,num_nodes,seed000
3000,255.0,num_nodes,seed000
4000,256.0,num_nodes,seed000
5000,253.0,num_nodes,seed000
6000,249.0,num_nodes,seed000
7000,252.0,num_nodes,seed000
8000,254.0,num_nodes,seed000
9000,252.0,num_nodes,seed000
10000,253.0,num_nodes,seed000
11000,252.0,num_nodes,seed000
12000,254.0,num_nodes,seed000
13000,254.0,num_nodes,seed000
14000,256.0,num_nodes,seed000
15000,256.0,num_nodes,seed000
16000,256.0,num_nodes,seed000
17000,256.0,num_nodes,seed000
18000,255.0,num_nodes,seed000
19000,255.0,num_nodes,seed000
20000,255.0,num_nodes,seed000
21000,254.0,num_nodes,seed000
22000,254.0,num_nodes,seed000
23000,254.0,num_nodes,seed000
24000,255.0,num_nodes,seed000
25000,254.0,num_nodes,seed000
26000,253.0,num_nodes,seed000
27000,252.0,num_nodes,seed000
28000,252.0,num_nodes,seed000
29000,251.0,num_nodes,seed000
30000,251.0,num_nodes,seed000
1000,0.7602358907461166,sae_sparsity,seed000
2000,0.7328247874975204,sae_sparsity,seed000
3000,0.7071659415960312,sae_sparsity,seed000
4000,0.679619625210762,sae_sparsity,seed000
5000,0.6857280135154724,sae_sparsity,seed000
6000,0.681388720870018,sae_sparsity,seed000
7000,0.6865631639957428,sae_sparsity,seed000
8000,0.695436418056488,sae_sparsity,seed000
9000,0.6171458065509796,sae_sparsity,seed000
10000,0.5993745774030685,sae_sparsity,seed000
11000,0.6474609375,sae_sparsity,seed000
12000,0.6674458682537079,sae_sparsity,seed000
13000,0.7061775475740433,sae_sparsity,seed000
14000,0.6925959140062332,sae_sparsity,seed000
15000,0.7161577194929123,sae_sparsity,seed000
16000,0.7305405735969543,sae_sparsity,seed000
17000,0.7491485327482224,sae_sparsity,seed000
18000,0.6745880395174026,sae_sparsity,seed000
19000,0.6709100157022476,sae_sparsity,seed000
20000,0.6668175011873245,sae_sparsity,seed000
21000,0.6838798522949219,sae_sparsity,seed000
22000,0.6604747176170349,sae_sparsity,seed000
23000,0.6646677255630493,sae_sparsity,seed000
24000,0.6685487180948257,sae_sparsity,seed000
25000,0.6695051491260529,sae_sparsity,seed000
26000,0.6753208488225937,sae_sparsity,seed000
27000,0.6817919015884399,sae_sparsity,seed000
28000,0.6900546699762344,sae_sparsity,seed000
29000,0.6914857029914856,sae_sparsity,seed000
30000,0.6912648379802704,sae_sparsity,seed000
1000,0.0630977683315621,test_acc,seed000
2000,0.0787725823591923,test_acc,seed000
3000,0.0860786397449521,test_acc,seed000
4000,0.0240435706695005,test_acc,seed000
5000,0.048087141339001,test_acc,seed000
6000,0.0553931987247608,test_acc,seed000
7000,0.0580499468650371,test_acc,seed000
8000,0.0626992561105207,test_acc,seed000
9000,0.0437035069075451,test_acc,seed000
10000,0.0484856535600425,test_acc,seed000
11000,0.055260361317747,test_acc,seed000
12000,0.0605738575982996,test_acc,seed000
13000,0.0632306057385759,test_acc,seed000
14000,0.0573857598299681,test_acc,seed000
15000,0.0649574920297555,test_acc,seed000
16000,0.0721307120085015,test_acc,seed000
17000,0.078241232731137,test_acc,seed000
18000,0.1353613177470775,test_acc,seed000
19000,0.1579436769394261,test_acc,seed000
20000,0.1794633368756641,test_acc,seed000
21000,0.2130712008501594,test_acc,seed000
22000,0.8516206163655685,test_acc,seed000
23000,0.848432518597237,test_acc,seed000
24000,0.845510095642933,test_acc,seed000
25000,0.8372741764080766,test_acc,seed000
26000,0.8285069075451648,test_acc,seed000
27000,0.8148246546227418,test_acc,seed000
28000,0.803134962805526,test_acc,seed000
29000,0.7915781083953242,test_acc,seed000
30000,0.7780286928799149,test_acc,seed000
1000,0.0630977683315621,test_acc_rolling_avg,seed000
2000,0.0709351753453772,test_acc_rolling_avg,seed000
3000,0.0759829968119022,test_acc_rolling_avg,seed000
4000,0.0629649309245483,test_acc_rolling_avg,seed000
5000,0.0527364505844845,test_acc_rolling_avg,seed000
6000,0.0425079702444208,test_acc_rolling_avg,seed000
7000,0.0538434289762663,test_acc_rolling_avg,seed000
8000,0.0587141339001062,test_acc_rolling_avg,seed000
9000,0.0548175699610343,test_acc_rolling_avg,seed000
10000,0.0516294721927028,test_acc_rolling_avg,seed000
11000,0.0491498405951115,test_acc_rolling_avg,seed000
12000,0.054773290825363,test_acc_rolling_avg,seed000
13000,0.0596882748848742,test_acc_rolling_avg,seed000
14000,0.0603967410556146,test_acc_rolling_avg,seed000
15000,0.0618579525327665,test_acc_rolling_avg,seed000
16000,0.0648246546227417,test_acc_rolling_avg,seed000
17000,0.0717764789231314,test_acc_rolling_avg,seed000
18000,0.0952444208289054,test_acc_rolling_avg,seed000
19000,0.1238487424725469,test_acc_rolling_avg,seed000
20000,0.1575894438540559,test_acc_rolling_avg,seed000
21000,0.1834927382217499,test_acc_rolling_avg,seed000
22000,0.4147183846971307,test_acc_rolling_avg,seed000
23000,0.637708111937655,test_acc_rolling_avg,seed000
24000,0.8485210768685795,test_acc_rolling_avg,seed000
25000,0.8437389302160822,test_acc_rolling_avg,seed000
26000,0.8370970598653914,test_acc_rolling_avg,seed000
27000,0.8268685795253278,test_acc_rolling_avg,seed000
28000,0.8154888416578109,test_acc_rolling_avg,seed000
29000,0.8031792419411974,test_acc_rolling_avg,seed000
30000,0.790913921360255,test_acc_rolling_avg,seed000
1000,1.0,train_acc,seed000
2000,1.0,train_acc,seed000
3000,1.0,train_acc,seed000
4000,0.9723551302498672,train_acc,seed000
5000,1.0,train_acc,seed000
6000,1.0,train_acc,seed000
7000,1.0,train_acc,seed000
8000,1.0,train_acc,seed000
9000,1.0,train_acc,seed000
10000,1.0,train_acc,seed000
11000,1.0,train_acc,seed000
12000,1.0,train_acc,seed000
13000,1.0,train_acc,seed000
14000,1.0,train_acc,seed000
15000,1.0,train_acc,seed000
16000,1.0,train_acc,seed000
17000,1.0,train_acc,seed000
18000,1.0,train_acc,seed000
19000,1.0,train_acc,seed000
20000,1.0,train_acc,seed000
21000,1.0,train_acc,seed000
22000,1.0,train_acc,seed000
23000,1.0,train_acc,seed000
24000,1.0,train_acc,seed000
25000,1.0,train_acc,seed000
26000,1.0,train_acc,seed000
27000,1.0,train_acc,seed000
28000,1.0,train_acc,seed000
29000,1.0,train_acc,seed000
30000,1.0,train_acc,seed000
1000,0.0630977683315621,val_acc,seed000
2000,0.0787725823591923,val_acc,seed000
3000,0.0860786397449521,val_acc,seed000
4000,0.0240435706695005,val_acc,seed000
5000,0.048087141339001,val_acc,seed000
6000,0.0553931987247608,val_acc,seed000
7000,0.0580499468650371,val_acc,seed000
8000,0.0626992561105207,val_acc,seed000
9000,0.0437035069075451,val_acc,seed000
10000,0.0484856535600425,val_acc,seed000
11000,0.055260361317747,val_acc,seed000
12000,0.0605738575982996,val_acc,seed000
13000,0.0632306057385759,val_acc,seed000
14000,0.0573857598299681,val_acc,seed000
15000,0.0649574920297555,val_acc,seed000
16000,0.0721307120085015,val_acc,seed000
17000,0.078241232731137,val_acc,seed000
18000,0.1353613177470775,val_acc,seed000
19000,0.1579436769394261,val_acc,seed000
20000,0.1794633368756641,val_acc,seed000
21000,0.2130712008501594,val_acc,seed000
22000,0.8516206163655685,val_acc,seed000
23000,0.848432518597237,val_acc,seed000
24000,0.845510095642933,val_acc,seed000
25000,0.8372741764080766,val_acc,seed000
26000,0.8285069075451648,val_acc,seed000
27000,0.8148246546227418,val_acc,seed000
28000,0.803134962805526,val_acc,seed000
29000,0.7915781083953242,val_acc,seed000
30000,0.7780286928799149,val_acc,seed000
1000,0.9804497852967616,avg_clustering,seed001
2000,0.9773828513017624,avg_clustering,seed001
3000,0.966895475947105,avg_clustering,seed001
4000,0.9835386484251788,avg_clustering,seed001
5000,0.9696506034087808,avg_clustering,seed001
6000,0.9692222595163068,avg_clustering,seed001
7000,0.972717842579326,avg_clustering,seed001
8000,0.9722524000016236,avg_clustering,seed001
9000,0.9208673932545416,avg_clustering,seed001
10000,0.9306654343856424,avg_clustering,seed001
11000,0.9434867232441756,avg_clustering,seed001
12000,0.9551608374406522,avg_clustering,seed001
13000,0.9714104090213798,avg_clustering,seed001
14000,0.9596509188774934,avg_clustering,seed001
15000,0.9701809346779032,avg_clustering,seed001
16000,0.9784343576062656,avg_clustering,seed001
17000,0.987619218433312,avg_clustering,seed001
18000,0.9800095155416452,avg_clustering,seed001
19000,0.9708074112383598,avg_clustering,seed001
20000,0.959110835561626,avg_clustering,seed001
21000,0.9559195842099408,avg_clustering,seed001
22000,0.9701370880863636,avg_clustering,seed001
23000,0.9692960547624808,avg_clustering,seed001
24000,0.9662308082240288,avg_clustering,seed001
25000,0.9670235664038764,avg_clustering,seed001
26000,0.9630305578476512,avg_clustering,seed001
27000,0.9646123424612724,avg_clustering,seed001
28000,0.964787736832587,avg_clustering,seed001
29000,0.9637233398078676,avg_clustering,seed001
30000,0.9639973639104498,avg_clustering,seed001
1000,,avg_clustering_delta,seed001
2000,-0.003066933994999,avg_clustering_delta,seed001
3000,-0.0104873753546574,avg_clustering_delta,seed001
4000,0.0166431724780738,avg_clustering_delta,seed001
5000,-0.013888045016398,avg_clustering_delta,seed001
6000,-0.0004283438924741,avg_clustering_delta,seed001
7000,0.0034955830630193,avg_clustering_delta,seed001
8000,-0.0004654425777023,avg_clustering_delta,seed001
9000,-0.051385006747082,avg_clustering_delta,seed001
10000,0.0097980411311007,avg_clustering_delta,seed001
11000,0.0128212888585332,avg_clustering_delta,seed001
12000,0.0116741141964764,avg_clustering_delta,seed001
13000,0.0162495715807275,avg_clustering_delta,seed001
14000,-0.0117594901438863,avg_clustering_delta,seed001
15000,0.0105300158004099,avg_clustering_delta,seed001
16000,0.0082534229283623,avg_clustering_delta,seed001
17000,0.0091848608270461,avg_clustering_delta,seed001
18000,-0.0076097028916668,avg_clustering_delta,seed001
19000,-0.0092021043032852,avg_clustering_delta,seed001
20000,-0.0116965756767336,avg_clustering_delta,seed001
21000,-0.0031912513516852,avg_clustering_delta,seed001
22000,0.0142175038764226,avg_clustering_delta,seed001
23000,-0.0008410333238825,avg_clustering_delta,seed001
24000,-0.0030652465384521,avg_clustering_delta,seed001
25000,0.0007927581798475,avg_clustering_delta,seed001
26000,-0.003993008556225,avg_clustering_delta,seed001
27000,0.001581784613621,avg_clustering_delta,seed001
28000,0.0001753943713147,avg_clustering_delta,seed001
29000,-0.0010643970247193,avg_clustering_delta,seed001
30000,0.0002740241025821,avg_clustering_delta,seed001
1000,,avg_clustering_rel_change,seed001
2000,-0.0031280888027026,avg_clustering_rel_change,seed001
3000,-0.0107300586875342,avg_clustering_rel_change,seed001
4000,0.0172130006728714,avg_clustering_rel_change,seed001
5000,-0.0141204873226236,avg_clustering_rel_change,seed001
6000,-0.0004417507615303,avg_clustering_rel_change,seed001
7000,0.0036065856192404,avg_clustering_rel_change,seed001
8000,-0.000478497008411,avg_clustering_rel_change,seed001
9000,-0.0528515092860621,avg_clustering_rel_change,seed001
10000,0.0106400131038111,avg_clustering_rel_change,seed001
11000,0.0137764747510977,avg_clustering_rel_change,seed001
12000,0.0123733741120755,avg_clustering_rel_change,seed001
13000,0.0170123930376671,avg_clustering_rel_change,seed001
14000,-0.0121055838342654,avg_clustering_rel_change,seed001
15000,0.0109727564401511,avg_clustering_rel_change,seed001
16000,0.0085070965975047,avg_clustering_rel_change,seed001
17000,0.0093873040696534,avg_clustering_rel_change,seed001
18000,-0.0077050980272926,avg_clustering_rel_change,seed001
19000,-0.0093898111776999,avg_clustering_rel_change,seed001
20000,-0.0120482966459984,avg_clustering_rel_change,seed001
21000,-0.0033273019481805,avg_clustering_rel_change,seed001
22000,0.0148731170605456,avg_clustering_rel_change,seed001
23000,-0.0008669221434894,avg_clustering_rel_change,seed001
24000,-0.0031623429429962,avg_clustering_rel_change,seed001
25000,0.0008204646064895,avg_clustering_rel_change,seed001
26000,-0.0041291739880487,avg_clustering_rel_change,seed001
27000,0.0016425071880961,avg_clustering_rel_change,seed001
28000,0.0001818288690638,avg_clustering_rel_change,seed001
29000,-0.0011032447698949,avg_clustering_rel_change,seed001
30000,0.0002843389708053,avg_clustering_rel_change,seed001
1000,0.9804497852967616,avg_clustering_rolling_avg,seed001
2000,0.978916318299262,avg_clustering_rolling_avg,seed001
3000,0.9749093708485428,avg_clustering_rolling_avg,seed001
4000,0.9759389918913488,avg_clustering_rolling_avg,seed001
5000,0.9733615759270215,avg_clustering_rolling_avg,seed001
6000,0.9741371704500889,avg_clustering_rolling_avg,seed001
7000,0.970530235168138,avg_clustering_rolling_avg,seed001
8000,0.9713975006990856,avg_clustering_rolling_avg,seed001
9000,0.9552792119451636,avg_clustering_rolling_avg,seed001
10000,0.9412617425472692,avg_clustering_rolling_avg,seed001
11000,0.93167318362812,avg_clustering_rolling_avg,seed001
12000,0.9431043316901568,avg_clustering_rolling_avg,seed001
13000,0.9566859899020692,avg_clustering_rolling_avg,seed001
14000,0.9620740551131752,avg_clustering_rolling_avg,seed001
15000,0.9670807541922588,avg_clustering_rolling_avg,seed001
16000,0.9694220703872208,avg_clustering_rolling_avg,seed001
17000,0.978744836905827,avg_clustering_rolling_avg,seed001
18000,0.9820210305270742,avg_clustering_rolling_avg,seed001
19000,0.9794787150711056,avg_clustering_rolling_avg,seed001
20000,0.9699759207805436,avg_clustering_rolling_avg,seed001
21000,0.9619459436699755,avg_clustering_rolling_avg,seed001
22000,0.96172250261931,avg_clustering_rolling_avg,seed001
23000,0.965117575686262,avg_clustering_rolling_avg,seed001
24000,0.9685546503576244,avg_clustering_rolling_avg,seed001
25000,0.9675168097967952,avg_clustering_rolling_avg,seed001
26000,0.9654283108251854,avg_clustering_rolling_avg,seed001
27000,0.9648888222376,avg_clustering_rolling_avg,seed001
28000,0.9641435457138368,avg_clustering_rolling_avg,seed001
29000,0.9643744730339088,avg_clustering_rolling_avg,seed001
30000,0.9641694801836348,avg_clustering_rolling_avg,seed001
1000,249.0625,avg_degree,seed001
2000,248.0,avg_degree,seed001
3000,240.3203125,avg_degree,seed001
4000,248.2509803921569,avg_degree,seed001
5000,244.953125,avg_degree,seed001
6000,240.4392156862745,avg_degree,seed001
7000,245.5058823529412,avg_degree,seed001
8000,245.2627450980392,avg_degree,seed001
9000,205.3821138211382,avg_degree,seed001
10000,206.76305220883532,avg_degree,seed001
11000,222.624,avg_degree,seed001
12000,234.2845849802372,avg_degree,seed001
13000,244.8078431372549,avg_degree,seed001
14000,239.1137254901961,avg_degree,seed001
15000,243.3019607843137,avg_degree,seed001
16000,248.0703125,avg_degree,seed001
17000,251.4296875,avg_degree,seed001
18000,248.953125,avg_degree,seed001
19000,243.0859375,avg_degree,seed001
20000,239.125,avg_degree,seed001
21000,231.1607843137255,avg_degree,seed001
22000,241.64705882352945,avg_degree,seed001
23000,241.34117647058824,avg_degree,seed001
24000,240.0235294117647,avg_degree,seed001
25000,239.4782608695652,avg_degree,seed001
26000,237.9051383399209,avg_degree,seed001
27000,238.03187250996012,avg_degree,seed001
28000,237.7936507936508,avg_degree,seed001
29000,236.9920634920635,avg_degree,seed001
30000,232.52380952380952,avg_degree,seed001
1000,0.9767156862745098,density,seed001
2000,0.9725490196078432,density,seed001
3000,0.9424325980392156,density,seed001
4000,0.9773660645360508,density,seed001
5000,0.9606004901960784,density,seed001
6000,0.9466110853790336,density,seed001
7000,0.9665585919407133,density,seed001
8000,0.9656013586536976,density,seed001
9000,0.8382943421270947,density,seed001
10000,0.8337219847130457,density,seed001
11000,0.8940722891566265,density,seed001
12000,0.92970073404856,density,seed001
13000,0.9638104060521846,density,seed001
14000,0.941392620040142,density,seed001
15000,0.9578817353713138,density,seed001
16000,0.9728247549019609,density,seed001
17000,0.985998774509804,density,seed001
18000,0.9762867647058824,density,seed001
19000,0.9532781862745098,density,seed001
20000,0.9377450980392156,density,seed001
21000,0.9100818280067932,density,seed001
22000,0.951366373320982,density,seed001
23000,0.95016211208893,density,seed001
24000,0.9449745252431682,density,seed001
25000,0.9503105590062112,density,seed001
26000,0.9440680092854006,density,seed001
27000,0.9521274900398408,density,seed001
28000,0.9473850629229116,density,seed001
29000,0.9441914880161892,density,seed001
30000,0.9263896793777272,density,seed001
1000,,density_delta,seed001
2000,-0.0041666666666666,density_delta,seed001
3000,-0.0301164215686274,density_delta,seed001
4000,0.034933466496835,density_delta,seed001
5000,-0.0167655743399722,density_delta,seed001
6000,-0.0139894048170449,density_delta,seed001
7000,0.0199475065616797,density_delta,seed001
8000,-0.0009572332870155,density_delta,seed001
9000,-0.1273070165266029,density_delta,seed001
10000,-0.004572357414049,density_delta,seed001
11000,0.0603503044435808,density_delta,seed001
12000,0.0356284448919336,density_delta,seed001
13000,0.0341096720036244,density_delta,seed001
14000,-0.0224177860120425,density_delta,seed001
15000,0.0164891153311718,density_delta,seed001
16000,0.0149430195306469,density_delta,seed001
17000,0.0131740196078431,density_delta,seed001
18000,-0.0097120098039215,density_delta,seed001
19000,-0.0230085784313726,density_delta,seed001
20000,-0.015533088235294,density_delta,seed001
21000,-0.0276632700324224,density_delta,seed001
22000,0.0412845453141886,density_delta,seed001
23000,-0.0012042612320518,density_delta,seed001
24000,-0.0051875868457619,density_delta,seed001
25000,0.005336033763043,density_delta,seed001
26000,-0.0062425497208106,density_delta,seed001
27000,0.00805948075444,density_delta,seed001
28000,-0.004742427116929,density_delta,seed001
29000,-0.0031935749067223,density_delta,seed001
30000,-0.017801808638462,density_delta,seed001
1000,,density_rel_change,seed001
2000,-0.0042659974905896,density_rel_change,seed001
3000,-0.0309664818548387,density_rel_change,seed001
4000,0.0370673367724292,density_rel_change,seed001
5000,-0.0171538330911159,density_rel_change,seed001
6000,-0.0145631872561187,density_rel_change,seed001
7000,0.02107254697286,density_rel_change,seed001
8000,-0.0009903520541818,density_rel_change,seed001
9000,-0.1318422094021308,density_rel_change,seed001
10000,-0.0054543579555208,density_rel_change,seed001
11000,0.0723866055473545,density_rel_change,seed001
12000,0.0398496243805315,density_rel_change,seed001
13000,0.0366888728323224,density_rel_change,seed001
14000,-0.0232595392945247,density_rel_change,seed001
15000,0.0175156624134877,density_rel_change,seed001
16000,0.015600067293124,density_rel_change,seed001
17000,0.0135420275249582,density_rel_change,seed001
18000,-0.0098499207656215,density_rel_change,seed001
19000,-0.0235674386493441,density_rel_change,seed001
20000,-0.0162943917724569,density_rel_change,seed001
21000,-0.0294997756749303,density_rel_change,seed001
22000,0.0453635530824823,density_rel_change,seed001
23000,-0.0012658227848101,density_rel_change,seed001
24000,-0.0054596860680511,density_rel_change,seed001
25000,0.0056467487963973,density_rel_change,seed001
26000,-0.0065689575493497,density_rel_change,seed001
27000,0.0085369705097204,density_rel_change,seed001
28000,-0.0049808740599756,density_rel_change,seed001
29000,-0.0033709365195915,density_rel_change,seed001
30000,-0.0188540236428786,density_rel_change,seed001
1000,0.9767156862745098,density_rolling_avg,seed001
2000,0.9746323529411764,density_rolling_avg,seed001
3000,0.9638991013071896,density_rolling_avg,seed001
4000,0.9641158940610364,density_rolling_avg,seed001
5000,0.9601330509237817,density_rolling_avg,seed001
6000,0.9615258800370542,density_rolling_avg,seed001
7000,0.9579233891719418,density_rolling_avg,seed001
8000,0.9595903453244816,density_rolling_avg,seed001
9000,0.923484764240502,density_rolling_avg,seed001
10000,0.8792058951646128,density_rolling_avg,seed001
11000,0.8553628719989224,density_rolling_avg,seed001
12000,0.8858316693060774,density_rolling_avg,seed001
13000,0.9291944764191236,density_rolling_avg,seed001
14000,0.9449679200469624,density_rolling_avg,seed001
15000,0.9543615871545468,density_rolling_avg,seed001
16000,0.9573663701044722,density_rolling_avg,seed001
17000,0.972235088261026,density_rolling_avg,seed001
18000,0.9783700980392156,density_rolling_avg,seed001
19000,0.9718545751633988,density_rolling_avg,seed001
20000,0.9557700163398692,density_rolling_avg,seed001
21000,0.9337017041068396,density_rolling_avg,seed001
22000,0.9330644331223304,density_rolling_avg,seed001
23000,0.9372034378055684,density_rolling_avg,seed001
24000,0.94883433688436,density_rolling_avg,seed001
25000,0.9484823987794364,density_rolling_avg,seed001
26000,0.94645103117826,density_rolling_avg,seed001
27000,0.9488353527771508,density_rolling_avg,seed001
28000,0.947860187416051,density_rolling_avg,seed001
29000,0.9479013469929806,density_rolling_avg,seed001
30000,0.939322076772276,density_rolling_avg,seed001
1000,256.0,largest_component_size,seed001
2000,256.0,largest_component_size,seed001
3000,256.0,largest_component_size,seed001
4000,255.0,largest_component_size,seed001
5000,256.0,largest_component_size,seed001
6000,255.0,largest_component_size,seed001
7000,255.0,largest_component_size,seed001
8000,255.0,largest_component_size,seed001
9000,246.0,largest_component_size,seed001
10000,249.0,largest_component_size,seed001
11000,250.0,largest_component_size,seed001
12000,253.0,largest_component_size,seed001
13000,255.0,largest_component_size,seed001
14000,255.0,largest_component_size,seed001
15000,255.0,largest_component_size,seed001
16000,256.0,largest_component_size,seed001
17000,256.0,largest_component_size,seed001
18000,256.0,largest_component_size,seed001
19000,256.0,largest_component_size,seed001
20000,256.0,largest_component_size,seed001
21000,255.0,largest_component_size,seed001
22000,255.0,largest_component_size,seed001
23000,255.0,largest_component_size,seed001
24000,255.0,largest_component_size,seed001
25000,253.0,largest_component_size,seed001
26000,253.0,largest_component_size,seed001
27000,251.0,largest_component_size,seed001
28000,252.0,largest_component_size,seed001
29000,252.0,largest_component_size,seed001
30000,252.0,largest_component_size,seed001
1000,,largest_component_size_delta,seed001
2000,0.0,largest_component_size_delta,seed001
3000,0.0,largest_component_size_delta,seed001
4000,-1.0,largest_component_size_delta,seed001
5000,1.0,largest_component_size_delta,seed001
6000,-1.0,largest_component_size_delta,seed001
7000,0.0,largest_component_size_delta,seed001
8000,0.0,largest_component_size_delta,seed001
9000,-9.0,largest_component_size_delta,seed001
10000,3.0,largest_component_size_delta,seed001
11000,1.0,largest_component_size_delta,seed001
12000,3.0,largest_component_size_delta,seed001
13000,2.0,largest_component_size_delta,seed001
14000,0.0,largest_component_size_delta,seed001
15000,0.0,largest_component_size_delta,seed001
16000,1.0,largest_component_size_delta,seed001
17000,0.0,largest_component_size_delta,seed001
18000,0.0,largest_component_size_delta,seed001
19000,0.0,largest_component_size_delta,seed001
20000,0.0,largest_component_size_delta,seed001
21000,-1.0,largest_component_size_delta,seed001
22000,0.0,largest_component_size_delta,seed001
23000,0.0,largest_component_size_delta,seed001
24000,0.0,largest_component_size_delta,seed001
25000,-2.0,largest_component_size_delta,seed001
26000,0.0,largest_component_size_delta,seed001
27000,-2.0,largest_component_size_delta,seed001
28000,1.0,largest_component_size_delta,seed001
29000,0.0,largest_component_size_delta,seed001
30000,0.0,largest_component_size_delta,seed001
1000,,largest_component_size_rel_change,seed001
2000,0.0,largest_component_size_rel_change,seed001
3000,0.0,largest_component_size_rel_change,seed001
4000,-0.00390625,largest_component_size_rel_change,seed001
5000,0.0039215686274509,largest_component_size_rel_change,seed001
6000,-0.00390625,largest_component_size_rel_change,seed001
7000,0.0,largest_component_size_rel_change,seed001
8000,0.0,largest_component_size_rel_change,seed001
9000,-0.0352941176470588,largest_component_size_rel_change,seed001
10000,0.0121951219512195,largest_component_size_rel_change,seed001
11000,0.0040160642570281,largest_component_size_rel_change,seed001
12000,0.012,largest_component_size_rel_change,seed001
13000,0.0079051383399209,largest_component_size_rel_change,seed001
14000,0.0,largest_component_size_rel_change,seed001
15000,0.0,largest_component_size_rel_change,seed001
16000,0.0039215686274509,largest_component_size_rel_change,seed001
17000,0.0,largest_component_size_rel_change,seed001
18000,0.0,largest_component_size_rel_change,seed001
19000,0.0,largest_component_size_rel_change,seed001
20000,0.0,largest_component_size_rel_change,seed001
21000,-0.00390625,largest_component_size_rel_change,seed001
22000,0.0,largest_component_size_rel_change,seed001
23000,0.0,largest_component_size_rel_change,seed001
24000,0.0,largest_component_size_rel_change,seed001
25000,-0.0078431372549019,largest_component_size_rel_change,seed001
26000,0.0,largest_component_size_rel_change,seed001
27000,-0.0079051383399209,largest_component_size_rel_change,seed001
28000,0.0039840637450199,largest_component_size_rel_change,seed001
29000,0.0,largest_component_size_rel_change,seed001
30000,0.0,largest_component_size_rel_change,seed001
1000,255.0,max_degree,seed001
2000,255.0,max_degree,seed001
3000,253.0,max_degree,seed001
4000,254.0,max_degree,seed001
5000,255.0,max_degree,seed001
6000,252.0,max_degree,seed001
7000,254.0,max_degree,seed001
8000,254.0,max_degree,seed001
9000,237.0,max_degree,seed001
10000,235.0,max_degree,seed001
11000,243.0,max_degree,seed001
12000,250.0,max_degree,seed001
13000,254.0,max_degree,seed001
14000,253.0,max_degree,seed001
15000,254.0,max_degree,seed001
16000,255.0,max_degree,seed001
17000,255.0,max_degree,seed001
18000,255.0,max_degree,seed001
19000,254.0,max_degree,seed001
20000,254.0,max_degree,seed001
21000,249.0,max_degree,seed001
22000,252.0,max_degree,seed001
23000,252.0,max_degree,seed001
24000,252.0,max_degree,seed001
25000,251.0,max_degree,seed001
26000,251.0,max_degree,seed001
27000,250.0,max_degree,seed001
28000,250.0,max_degree,seed001
29000,250.0,max_degree,seed001
30000,248.0,max_degree,seed001
1000,0.0006901177508056,modularity,seed001
2000,0.000581841939607,modularity,seed001
3000,0.0003883329499278,modularity,seed001
4000,0.0,modularity,seed001
5000,0.0028230961973573,modularity,seed001
6000,0.0,modularity,seed001
7000,0.0,modularity,seed001
8000,0.0,modularity,seed001
9000,0.0,modularity,seed001
10000,0.0,modularity,seed001
11000,0.0,modularity,seed001
12000,0.0,modularity,seed001
13000,0.0,modularity,seed001
14000,0.0,modularity,seed001
15000,0.0,modularity,seed001
16000,0.001808065772162,modularity,seed001
17000,0.0013497444562105,modularity,seed001
18000,0.0030916148547051,modularity,seed001
19000,0.0017388602056431,modularity,seed001
20000,0.0022697088718324,modularity,seed001
21000,0.0,modularity,seed001
22000,0.0,modularity,seed001
23000,0.0,modularity,seed001
24000,0.0,modularity,seed001
25000,0.0,modularity,seed001
26000,0.0,modularity,seed001
27000,0.0,modularity,seed001
28000,0.0,modularity,seed001
29000,0.0,modularity,seed001
30000,0.0,modularity,seed001
1000,1.0,num_components,seed001
2000,1.0,num_components,seed001
3000,1.0,num_components,seed001
4000,1.0,num_components,seed001
5000,1.0,num_components,seed001
6000,1.0,num_components,seed001
7000,1.0,num_components,seed001
8000,1.0,num_components,seed001
9000,1.0,num_components,seed001
10000,1.0,num_components,seed001
11000,1.0,num_components,seed001
12000,1.0,num_components,seed001
13000,1.0,num_components,seed001
14000,1.0,num_components,seed001
15000,1.0,num_components,seed001
16000,1.0,num_components,seed001
17000,1.0,num_components,seed001
18000,1.0,num_components,seed001
19000,1.0,num_components,seed001
20000,1.0,num_components,seed001
21000,1.0,num_components,seed001
22000,1.0,num_components,seed001
23000,1.0,num_components,seed001
24000,1.0,num_components,seed001
25000,1.0,num_components,seed001
26000,1.0,num_components,seed001
27000,1.0,num_components,seed001
28000,1.0,num_components,seed001
29000,1.0,num_components,seed001
30000,1.0,num_components,seed001
1000,31880.0,num_edges,seed001
2000,31744.0,num_edges,seed001
3000,30761.0,num_edges,seed001
4000,31652.0,num_edges,seed001
5000,31354.0,num_edges,seed001
6000,30656.0,num_edges,seed001
7000,31302.0,num_edges,seed001
8000,31271.0,num_edges,seed001
9000,25262.0,num_edges,seed001
10000,25742.0,num_edges,seed001
11000,27828.0,num_edges,seed001
12000,29637.0,num_edges,seed001
13000,31213.0,num_edges,seed001
14000,30487.0,num_edges,seed001
15000,31021.0,num_edges,seed001
16000,31753.0,num_edges,seed001
17000,32183.0,num_edges,seed001
18000,31866.0,num_edges,seed001
19000,31115.0,num_edges,seed001
20000,30608.0,num_edges,seed001
21000,29473.0,num_edges,seed001
22000,30810.0,num_edges,seed001
23000,30771.0,num_edges,seed001
24000,30603.0,num_edges,seed001
25000,30294.0,num_edges,seed001
26000,30095.0,num_edges,seed001
27000,29873.0,num_edges,seed001
28000,29962.0,num_edges,seed001
29000,29861.0,num_edges,seed001
30000,29298.0,num_edges,seed001
1000,,num_edges_delta,seed001
2000,-136.0,num_edges_delta,seed001
3000,-983.0,num_edges_delta,seed001
4000,891.0,num_edges_delta,seed001
5000,-298.0,num_edges_delta,seed001
6000,-698.0,num_edges_delta,seed001
7000,646.0,num_edges_delta,seed001
8000,-31.0,num_edges_delta,seed001
9000,-6009.0,num_edges_delta,seed001
10000,480.0,num_edges_delta,seed001
11000,2086.0,num_edges_delta,seed001
12000,1809.0,num_edges_delta,seed001
13000,1576.0,num_edges_delta,seed001
14000,-726.0,num_edges_delta,seed001
15000,534.0,num_edges_delta,seed001
16000,732.0,num_edges_delta,seed001
17000,430.0,num_edges_delta,seed001
18000,-317.0,num_edges_delta,seed001
19000,-751.0,num_edges_delta,seed001
20000,-507.0,num_edges_delta,seed001
21000,-1135.0,num_edges_delta,seed001
22000,1337.0,num_edges_delta,seed001
23000,-39.0,num_edges_delta,seed001
24000,-168.0,num_edges_delta,seed001
25000,-309.0,num_edges_delta,seed001
26000,-199.0,num_edges_delta,seed001
27000,-222.0,num_edges_delta,seed001
28000,89.0,num_edges_delta,seed001
29000,-101.0,num_edges_delta,seed001
30000,-563.0,num_edges_delta,seed001
1000,,num_edges_rel_change,seed001
2000,-0.0042659974905897,num_edges_rel_change,seed001
3000,-0.0309664818548387,num_edges_rel_change,seed001
4000,0.0289652482038944,num_edges_rel_change,seed001
5000,-0.0094148868949829,num_edges_rel_change,seed001
6000,-0.0222619123556803,num_edges_rel_change,seed001
7000,0.02107254697286,num_edges_rel_change,seed001
8000,-0.0009903520541818,num_edges_rel_change,seed001
9000,-0.1921588692398708,num_edges_rel_change,seed001
10000,0.0190008708732483,num_edges_rel_change,seed001
11000,0.0810348846243493,num_edges_rel_change,seed001
12000,0.0650064683053039,num_edges_rel_change,seed001
13000,0.0531767722778959,num_edges_rel_change,seed001
14000,-0.0232595392945247,num_edges_rel_change,seed001
15000,0.0175156624134877,num_edges_rel_change,seed001
16000,0.0235969182166919,num_edges_rel_change,seed001
17000,0.0135420275249582,num_edges_rel_change,seed001
18000,-0.0098499207656216,num_edges_rel_change,seed001
19000,-0.023567438649344,num_edges_rel_change,seed001
20000,-0.016294391772457,num_edges_rel_change,seed001
21000,-0.0370818086774699,num_edges_rel_change,seed001
22000,0.0453635530824823,num_edges_rel_change,seed001
23000,-0.0012658227848101,num_edges_rel_change,seed001
24000,-0.0054596860680511,num_edges_rel_change,seed001
25000,-0.0100970493088913,num_edges_rel_change,seed001
26000,-0.0065689575493497,num_edges_rel_change,seed001
27000,-0.0073766406379797,num_edges_rel_change,seed001
28000,0.0029792789475446,num_edges_rel_change,seed001
29000,-0.0033709365195915,num_edges_rel_change,seed001
30000,-0.0188540236428786,num_edges_rel_change,seed001
1000,256.0,num_nodes,seed001
2000,256.0,num_nodes,seed001
3000,256.0,num_nodes,seed001
4000,255.0,num_nodes,seed001
5000,256.0,num_nodes,seed001
6000,255.0,num_nodes,seed001
7000,255.0,num_nodes,seed001
8000,255.0,num_nodes,seed001
9000,246.0,num_nodes,seed001
10000,249.0,num_nodes,seed001
11000,250.0,num_nodes,seed001
12000,253.0,num_nodes,seed001
13000,255.0,num_nodes,seed001
14000,255.0,num_nodes,seed001
15000,255.0,num_nodes,seed001
16000,256.0,num_nodes,seed001
17000,256.0,num_nodes,seed001
18000,256.0,num_nodes,seed001
19000,256.0,num_nodes,seed001
20000,256.0,num_nodes,seed001
21000,255.0,num_nodes,seed001
22000,255.0,num_nodes,seed001
23000,255.0,num_nodes,seed001
24000,255.0,num_nodes,seed001
25000,253.0,num_nodes,seed001
26000,253.0,num_nodes,seed001
27000,251.0,num_nodes,seed001
28000,252.0,num_nodes,seed001
29000,252.0,num_nodes,seed001
30000,252.0,num_nodes,seed001
1000,0.7408107817173004,sae_sparsity,seed001
2000,0.7206659018993378,sae_sparsity,seed001
3000,0.689018115401268,sae_sparsity,seed001
4000,0.6977594345808029,sae_sparsity,seed001
5000,0.6851711869239807,sae_sparsity,seed001
6000,0.6921109110116959,sae_sparsity,seed001
7000,0.7067026644945145,sae_sparsity,seed001
8000,0.707663044333458,sae_sparsity,seed001
9000,0.5790976136922836,sae_sparsity,seed001
10000,0.6041387319564819,sae_sparsity,seed001
11000,0.6143533140420914,sae_sparsity,seed001
12000,0.6544238179922104,sae_sparsity,seed001
13000,0.6984418630599976,sae_sparsity,seed001
14000,0.641853854060173,sae_sparsity,seed001
15000,0.6780783534049988,sae_sparsity,seed001
16000,0.7058997303247452,sae_sparsity,seed001
17000,0.7285498231649399,sae_sparsity,seed001
18000,0.7077067196369171,sae_sparsity,seed001
19000,0.7019373178482056,sae_sparsity,seed001
20000,0.6833923608064651,sae_sparsity,seed001
21000,0.6746273636817932,sae_sparsity,seed001
22000,0.6505232155323029,sae_sparsity,seed001
23000,0.6594652682542801,sae_sparsity,seed001
24000,0.663429781794548,sae_sparsity,seed001
25000,0.6684384793043137,sae_sparsity,seed001
26000,0.6686740666627884,sae_sparsity,seed001
27000,0.6713836938142776,sae_sparsity,seed001
28000,0.6698821485042572,sae_sparsity,seed001
29000,0.6705330163240433,sae_sparsity,seed001
30000,0.669242337346077,sae_sparsity,seed001
1000,0.0630977683315621,test_acc,seed001
2000,0.0787725823591923,test_acc,seed001
3000,0.0860786397449521,test_acc,seed001
4000,0.0240435706695005,test_acc,seed001
5000,0.048087141339001,test_acc,seed001
6000,0.0553931987247608,test_acc,seed001
7000,0.0580499468650371,test_acc,seed001
8000,0.0626992561105207,test_acc,seed001
9000,0.0437035069075451,test_acc,seed001
10000,0.0484856535600425,test_acc,seed001
11000,0.055260361317747,test_acc,seed001
12000,0.0605738575982996,test_acc,seed001
13000,0.0632306057385759,test_acc,seed001
14000,0.0573857598299681,test_acc,seed001
15000,0.0649574920297555,test_acc,seed001
16000,0.0721307120085015,test_acc,seed001
17000,0.078241232731137,test_acc,seed001
18000,0.1353613177470775,test_acc,seed001
19000,0.1579436769394261,test_acc,seed001
20000,0.1794633368756641,test_acc,seed001
21000,0.2130712008501594,test_acc,seed001
22000,0.8516206163655685,test_acc,seed001
23000,0.848432518597237,test_acc,seed001
24000,0.845510095642933,test_acc,seed001
25000,0.8372741764080766,test_acc,seed001
26000,0.8285069075451648,test_acc,seed001
27000,0.8148246546227418,test_acc,seed001
28000,0.803134962805526,test_acc,seed001
29000,0.7915781083953242,test_acc,seed001
30000,0.7780286928799149,test_acc,seed001
1000,0.0630977683315621,test_acc_rolling_avg,seed001
2000,0.0709351753453772,test_acc_rolling_avg,seed001
3000,0.0759829968119022,test_acc_rolling_avg,seed001
4000,0.0629649309245483,test_acc_rolling_avg,seed001
5000,0.0527364505844845,test_acc_rolling_avg,seed001
6000,0.0425079702444208,test_acc_rolling_avg,seed001
7000,0.0538434289762663,test_acc_rolling_avg,seed001
8000,0.0587141339001062,test_acc_rolling_avg,seed001
9000,0.0548175699610343,test_acc_rolling_avg,seed001
10000,0.0516294721927028,test_acc_rolling_avg,seed001
11000,0.0491498405951115,test_acc_rolling_avg,seed001
12000,0.054773290825363,test_acc_rolling_avg,seed001
13000,0.0596882748848742,test_acc_rolling_avg,seed001
14000,0.0603967410556146,test_acc_rolling_avg,seed001
15000,0.0618579525327665,test_acc_rolling_avg,seed001
16000,0.0648246546227417,test_acc_rolling_avg,seed001
17000,0.0717764789231314,test_acc_rolling_avg,seed001
18000,0.0952444208289054,test_acc_rolling_avg,seed001
19000,0.1238487424725469,test_acc_rolling_avg,seed001
20000,0.1575894438540559,test_acc_rolling_avg,seed001
21000,0.1834927382217499,test_acc_rolling_avg,seed001
22000,0.4147183846971307,test_acc_rolling_avg,seed001
23000,0.637708111937655,test_acc_rolling_avg,seed001
24000,0.8485210768685795,test_acc_rolling_avg,seed001
25000,0.8437389302160822,test_acc_rolling_avg,seed001
26000,0.8370970598653914,test_acc_rolling_avg,seed001
27000,0.8268685795253278,test_acc_rolling_avg,seed001
28000,0.8154888416578109,test_acc_rolling_avg,seed001
29000,0.8031792419411974,test_acc_rolling_avg,seed001
30000,0.790913921360255,test_acc_rolling_avg,seed001
1000,1.0,train_acc,seed001
2000,1.0,train_acc,seed001
3000,1.0,train_acc,seed001
4000,0.9723551302498672,train_acc,seed001
5000,1.0,train_acc,seed001
6000,1.0,train_acc,seed001
7000,1.0,train_acc,seed001
8000,1.0,train_acc,seed001
9000,1.0,train_acc,seed001
10000,1.0,train_acc,seed001
11000,1.0,train_acc,seed001
12000,1.0,train_acc,seed001
13000,1.0,train_acc,seed001
14000,1.0,train_acc,seed001
15000,1.0,train_acc,seed001
16000,1.0,train_acc,seed001
17000,1.0,train_acc,seed001
18000,1.0,train_acc,seed001
19000,1.0,train_acc,seed001
20000,1.0,train_acc,seed001
21000,1.0,train_acc,seed001
22000,1.0,train_acc,seed001
23000,1.0,train_acc,seed001
24000,1.0,train_acc,seed001
25000,1.0,train_acc,seed001
26000,1.0,train_acc,seed001
27000,1.0,train_acc,seed001
28000,1.0,train_acc,seed001
29000,1.0,train_acc,seed001
30000,1.0,train_acc,seed001
1000,0.0630977683315621,val_acc,seed001
2000,0.0787725823591923,val_acc,seed001
3000,0.0860786397449521,val_acc,seed001
4000,0.0240435706695005,val_acc,seed001
5000,0.048087141339001,val_acc,seed001
6000,0.0553931987247608,val_acc,seed001
7000,0.0580499468650371,val_acc,seed001
8000,0.0626992561105207,val_acc,seed001
9000,0.0437035069075451,val_acc,seed001
10000,0.0484856535600425,val_acc,seed001
11000,0.055260361317747,val_acc,seed001
12000,0.0605738575982996,val_acc,seed001
13000,0.0632306057385759,val_acc,seed001
14000,0.0573857598299681,val_acc,seed001
15000,0.0649574920297555,val_acc,seed001
16000,0.0721307120085015,val_acc,seed001
17000,0.078241232731137,val_acc,seed001
18000,0.1353613177470775,val_acc,seed001
19000,0.1579436769394261,val_acc,seed001
20000,0.1794633368756641,val_acc,seed001
21000,0.2130712008501594,val_acc,seed001
22000,0.8516206163655685,val_acc,seed001
23000,0.848432518597237,val_acc,seed001
24000,0.845510095642933,val_acc,seed001
25000,0.8372741764080766,val_acc,seed001
26000,0.8285069075451648,val_acc,seed001
27000,0.8148246546227418,val_acc,seed001
28000,0.803134962805526,val_acc,seed001
29000,0.7915781083953242,val_acc,seed001
30000,0.7780286928799149,val_acc,seed001
1000,0.9842535078502394,avg_clustering,seed002
2000,0.9799899218074736,avg_clustering,seed002
3000,0.9741189046878116,avg_clustering,seed002
4000,0.984330902691982,avg_clustering,seed002
5000,0.9743818458586356,avg_clustering,seed002
6000,0.9729417595905164,avg_clustering,seed002
7000,0.9775675382873228,avg_clustering,seed002
8000,0.9791854702332248,avg_clustering,seed002
9000,0.9281929736258864,avg_clustering,seed002
10000,0.9375156179300196,avg_clustering,seed002
11000,0.9495411194634849,avg_clustering,seed002
12000,0.9626095238887016,avg_clustering,seed002
13000,0.9752551546831388,avg_clustering,seed002
14000,0.9730129712393092,avg_clustering,seed002
15000,0.9777351043584224,avg_clustering,seed002
16000,0.9839511991064048,avg_clustering,seed002
17000,0.9872779426152866,avg_clustering,seed002
18000,0.9770533200187802,avg_clustering,seed002
19000,0.9674989936690472,avg_clustering,seed002
20000,0.9616083025607364,avg_clustering,seed002
21000,0.9593313771827168,avg_clustering,seed002
22000,0.9718642147813156,avg_clustering,seed002
23000,0.9693681105953394,avg_clustering,seed002
24000,0.9711984296187842,avg_clustering,seed002
25000,0.969976000240964,avg_clustering,seed002
26000,0.9696525670665584,avg_clustering,seed002
27000,0.9648495631774648,avg_clustering,seed002
28000,0.9655651713236816,avg_clustering,seed002
29000,0.9635159140075306,avg_clustering,seed002
30000,0.9636281630853476,avg_clustering,seed002
1000,,avg_clustering_delta,seed002
2000,-0.0042635860427658,avg_clustering_delta,seed002
3000,-0.0058710171196618,avg_clustering_delta,seed002
4000,0.0102119980041704,avg_clustering_delta,seed002
5000,-0.0099490568333463,avg_clustering_delta,seed002
6000,-0.0014400862681193,avg_clustering_delta,seed002
7000,0.0046257786968062,avg_clustering_delta,seed002
8000,0.001617931945902,avg_clustering_delta,seed002
9000,-0.0509924966073384,avg_clustering_delta,seed002
10000,0.0093226443041333,avg_clustering_delta,seed002
11000,0.0120255015334651,avg_clustering_delta,seed002
12000,0.0130684044252166,avg_clustering_delta,seed002
13000,0.0126456307944372,avg_clustering_delta,seed002
14000,-0.0022421834438294,avg_clustering_delta,seed002
15000,0.0047221331191131,avg_clustering_delta,seed002
16000,0.0062160947479824,avg_clustering_delta,seed002
17000,0.0033267435088816,avg_clustering_delta,seed002
18000,-0.0102246225965063,avg_clustering_delta,seed002
19000,-0.009554326349733,avg_clustering_delta,seed002
20000,-0.0058906911083107,avg_clustering_delta,seed002
21000,-0.0022769253780194,avg_clustering_delta,seed002
22000,0.0125328375985988,avg_clustering_delta,seed002
23000,-0.0024961041859762,avg_clustering_delta,seed002
24000,0.0018303190234447,avg_clustering_delta,seed002
25000,-0.0012224293778202,avg_clustering_delta,seed002
26000,-0.0003234331744055,avg_clustering_delta,seed002
27000,-0.0048030038890937,avg_clustering_delta,seed002
28000,0.0007156081462168,avg_clustering_delta,seed002
29000,-0.002049257316151,avg_clustering_delta,seed002
30000,0.0001122490778171,avg_clustering_delta,seed002
1000,,avg_clustering_rel_change,seed002
2000,-0.0043317966446247,avg_clustering_rel_change,seed002
3000,-0.0059908954051624,avg_clustering_rel_change,seed002
4000,0.0104833177500474,avg_clustering_rel_change,seed002
5000,-0.0101074311556584,avg_clustering_rel_change,seed002
6000,-0.0014779485827245,avg_clustering_rel_change,seed002
7000,0.0047544250734525,avg_clustering_rel_change,seed002
8000,0.0016550589934039,avg_clustering_rel_change,seed002
9000,-0.0520764432862682,avg_clustering_rel_change,seed002
10000,0.0100438643353606,avg_clustering_rel_change,seed002
11000,0.0128269879492959,avg_clustering_rel_change,seed002
12000,0.0137628630897002,avg_clustering_rel_change,seed002
13000,0.0131368228555979,avg_clustering_rel_change,seed002
14000,-0.0022990736660684,avg_clustering_rel_change,seed002
15000,0.0048531039756836,avg_clustering_rel_change,seed002
16000,0.006357647097126,avg_clustering_rel_change,seed002
17000,0.003381004578177,avg_clustering_rel_change,seed002
18000,-0.0103563770192428,avg_clustering_rel_change,seed002
19000,-0.0097787154027063,avg_clustering_rel_change,seed002
20000,-0.006088575953936,avg_clustering_rel_change,seed002
21000,-0.0023678304065762,avg_clustering_rel_change,seed002
22000,0.0130641381035656,avg_clustering_rel_change,seed002
23000,-0.0025683672142798,avg_clustering_rel_change,seed002
24000,0.0018881568347866,avg_clustering_rel_change,seed002
25000,-0.0012586813781196,avg_clustering_rel_change,seed002
26000,-0.0003334445123643,avg_clustering_rel_change,seed002
27000,-0.0049533245744133,avg_clustering_rel_change,seed002
28000,0.0007416784683615,avg_clustering_rel_change,seed002
29000,-0.0021223397208307,avg_clustering_rel_change,seed002
30000,0.0001164994539117,avg_clustering_rel_change,seed002
1000,0.9842535078502394,avg_clustering_rolling_avg,seed002
2000,0.9821217148288564,avg_clustering_rolling_avg,seed002
3000,0.979454111448508,avg_clustering_rolling_avg,seed002
4000,0.9794799097290888,avg_clustering_rolling_avg,seed002
5000,0.9776105510794766,avg_clustering_rolling_avg,seed002
6000,0.9772181693803782,avg_clustering_rolling_avg,seed002
7000,0.9749637145788248,avg_clustering_rolling_avg,seed002
8000,0.976564922703688,avg_clustering_rolling_avg,seed002
9000,0.961648660715478,avg_clustering_rolling_avg,seed002
10000,0.9482980205963768,avg_clustering_rolling_avg,seed002
11000,0.938416570339797,avg_clustering_rolling_avg,seed002
12000,0.9498887537607352,avg_clustering_rolling_avg,seed002
13000,0.9624685993451084,avg_clustering_rolling_avg,seed002
14000,0.9702925499370498,avg_clustering_rolling_avg,seed002
15000,0.9753344100936236,avg_clustering_rolling_avg,seed002
16000,0.9782330915680456,avg_clustering_rolling_avg,seed002
17000,0.9829880820267048,avg_clustering_rolling_avg,seed002
18000,0.9827608205801572,avg_clustering_rolling_avg,seed002
19000,0.977276752101038,avg_clustering_rolling_avg,seed002
20000,0.968720205416188,avg_clustering_rolling_avg,seed002
21000,0.9628128911375,avg_clustering_rolling_avg,seed002
22000,0.9642679648415896,avg_clustering_rolling_avg,seed002
23000,0.9668545675197908,avg_clustering_rolling_avg,seed002
24000,0.9708102516651466,avg_clustering_rolling_avg,seed002
25000,0.9701808468183624,avg_clustering_rolling_avg,seed002
26000,0.9702756656421022,avg_clustering_rolling_avg,seed002
27000,0.968159376828329,avg_clustering_rolling_avg,seed002
28000,0.9666891005225684,avg_clustering_rolling_avg,seed002
29000,0.9646435495028922,avg_clustering_rolling_avg,seed002
30000,0.9642364161388532,avg_clustering_rolling_avg,seed002
1000,248.7734375,avg_degree,seed002
2000,244.17254901960783,avg_degree,seed002
3000,240.0703125,avg_degree,seed002
4000,248.296875,avg_degree,seed002
5000,243.17322834645668,avg_degree,seed002
6000,241.76470588235293,avg_degree,seed002
7000,241.546875,avg_degree,seed002
8000,244.18823529411765,avg_degree,seed002
9000,215.53225806451613,avg_degree,seed002
10000,216.5,avg_degree,seed002
11000,227.18072289156623,avg_degree,seed002
12000,238.69803921568624,avg_degree,seed002
13000,247.1015625,avg_degree,seed002
14000,239.0745098039216,avg_degree,seed002
15000,247.8671875,avg_degree,seed002
16000,249.6953125,avg_degree,seed002
17000,250.96875,avg_degree,seed002
18000,241.1496062992126,avg_degree,seed002
19000,241.0197628458498,avg_degree,seed002
20000,236.3968253968254,avg_degree,seed002
21000,230.77777777777777,avg_degree,seed002
22000,241.7578125,avg_degree,seed002
23000,241.9921568627451,avg_degree,seed002
24000,242.37944664031625,avg_degree,seed002
25000,239.4206349206349,avg_degree,seed002
26000,237.6031746031746,avg_degree,seed002
27000,236.56573705179284,avg_degree,seed002
28000,233.82470119521912,avg_degree,seed002
29000,230.7142857142857,avg_degree,seed002
30000,232.97991967871485,avg_degree,seed002
1000,0.9755821078431371,density,seed002
2000,0.9613092481086924,density,seed002
3000,0.9414522058823528,density,seed002
4000,0.9737132352941176,density,seed002
5000,0.9611590053219632,density,seed002
6000,0.951829550717925,density,seed002
7000,0.9472426470588236,density,seed002
8000,0.9613710050949512,density,seed002
9000,0.8726002350790126,density,seed002
10000,0.8765182186234818,density,seed002
11000,0.916051301982122,density,seed002
12000,0.9397560599042768,density,seed002
13000,0.9690257352941176,density,seed002
14000,0.9412382275744944,density,seed002
15000,0.9720281862745098,density,seed002
16000,0.9791973039215688,density,seed002
17000,0.9841911764705882,density,seed002
18000,0.953160499206374,density,seed002
19000,0.9564276303406738,density,seed002
20000,0.9418200215012964,density,seed002
21000,0.9194333776007084,density,seed002
22000,0.9480698529411764,density,seed002
23000,0.9527250270186814,density,seed002
24000,0.9618232009536356,density,seed002
25000,0.953867071396952,density,seed002
26000,0.9466261936381458,density,seed002
27000,0.9462629482071712,density,seed002
28000,0.9352988047808763,density,seed002
29000,0.919180421172453,density,seed002
30000,0.939435159994818,density,seed002
1000,,density_delta,seed002
2000,-0.0142728597344449,density_delta,seed002
3000,-0.0198570422263394,density_delta,seed002
4000,0.0322610294117647,density_delta,seed002
5000,-0.0125542299721544,density_delta,seed002
6000,-0.0093294546040382,density_delta,seed002
7000,-0.0045869036591014,density_delta,seed002
8000,0.0141283580361277,density_delta,seed002
9000,-0.0887707700159387,density_delta,seed002
10000,0.0039179835444691,density_delta,seed002
11000,0.0395330833586402,density_delta,seed002
12000,0.0237047579221546,density_delta,seed002
13000,0.0292696753898409,density_delta,seed002
14000,-0.0277875077196232,density_delta,seed002
15000,0.0307899587000154,density_delta,seed002
16000,0.0071691176470588,density_delta,seed002
17000,0.0049938725490195,density_delta,seed002
18000,-0.0310306772642142,density_delta,seed002
19000,0.0032671311342998,density_delta,seed002
20000,-0.0146076088393773,density_delta,seed002
21000,-0.022386643900588,density_delta,seed002
22000,0.0286364753404682,density_delta,seed002
23000,0.0046551740775049,density_delta,seed002
24000,0.0090981739349542,density_delta,seed002
25000,-0.0079561295566837,density_delta,seed002
26000,-0.0072408777588061,density_delta,seed002
27000,-0.0003632454309745,density_delta,seed002
28000,-0.0109641434262948,density_delta,seed002
29000,-0.0161183836084234,density_delta,seed002
30000,0.0202547388223649,density_delta,seed002
1000,,density_rel_change,seed002
2000,-0.0146300958368332,density_rel_change,seed002
3000,-0.0206562479924194,density_rel_change,seed002
4000,0.0342673045006347,density_rel_change,seed002
5000,-0.0128931491501832,density_rel_change,seed002
6000,-0.00970646329315,density_rel_change,seed002
7000,-0.0048190389294403,density_rel_change,seed002
8000,0.0149152469855491,density_rel_change,seed002
9000,-0.0923376818579744,density_rel_change,seed002
10000,0.0044900097283544,density_rel_change,seed002
11000,0.0451024091897651,density_rel_change,seed002
12000,0.0258771073965651,density_rel_change,seed002
13000,0.0311460352730499,density_rel_change,seed002
14000,-0.0286757169676089,density_rel_change,seed002
15000,0.0327121846499574,density_rel_change,seed002
16000,0.0073754215652284,density_rel_change,seed002
17000,0.0050999655830541,density_rel_change,seed002
18000,-0.0315291154869864,density_rel_change,seed002
19000,0.0034276820504208,density_rel_change,seed002
20000,-0.0152730937250048,density_rel_change,seed002
21000,-0.0237695561673269,density_rel_change,seed002
22000,0.0311457861310147,density_rel_change,seed002
23000,0.0049101593759819,density_rel_change,seed002
24000,0.0095496325560218,density_rel_change,seed002
25000,-0.0082719251820868,density_rel_change,seed002
26000,-0.0075910763416979,density_rel_change,seed002
27000,-0.0003837263678269,density_rel_change,seed002
28000,-0.0115867829835966,density_rel_change,seed002
29000,-0.0172334055448725,density_rel_change,seed002
30000,0.0220356508426595,density_rel_change,seed002
1000,0.9755821078431371,density_rolling_avg,seed002
2000,0.9684456779759149,density_rolling_avg,seed002
3000,0.9594478539447274,density_rolling_avg,seed002
4000,0.9588248964283878,density_rolling_avg,seed002
5000,0.958774815499478,density_rolling_avg,seed002
6000,0.9622339304446688,density_rolling_avg,seed002
7000,0.953410401032904,density_rolling_avg,seed002
8000,0.9534810676239,density_rolling_avg,seed002
9000,0.9270712957442624,density_rolling_avg,seed002
10000,0.9034964862658152,density_rolling_avg,seed002
11000,0.8883899185615388,density_rolling_avg,seed002
12000,0.9107751935032936,density_rolling_avg,seed002
13000,0.9416110323935052,density_rolling_avg,seed002
14000,0.9500066742576296,density_rolling_avg,seed002
15000,0.960764049714374,density_rolling_avg,seed002
16000,0.964154572590191,density_rolling_avg,seed002
17000,0.9784722222222224,density_rolling_avg,seed002
18000,0.9721829931995104,density_rolling_avg,seed002
19000,0.9645931020058788,density_rolling_avg,seed002
20000,0.9504693836827812,density_rolling_avg,seed002
21000,0.939227009814226,density_rolling_avg,seed002
22000,0.9364410840143936,density_rolling_avg,seed002
23000,0.940076085853522,density_rolling_avg,seed002
24000,0.9542060269711646,density_rolling_avg,seed002
25000,0.9561384331230895,density_rolling_avg,seed002
26000,0.9541054886629112,density_rolling_avg,seed002
27000,0.9489187377474232,density_rolling_avg,seed002
28000,0.9427293155420644,density_rolling_avg,seed002
29000,0.933580724720167,density_rolling_avg,seed002
30000,0.931304795316049,density_rolling_avg,seed002
1000,256.0,largest_component_size,seed002
2000,255.0,largest_component_size,seed002
3000,256.0,largest_component_size,seed002
4000,256.0,largest_component_size,seed002
5000,254.0,largest_component_size,seed002
6000,255.0,largest_component_size,seed002
7000,256.0,largest_component_size,seed002
8000,255.0,largest_component_size,seed002
9000,248.0,largest_component_size,seed002
10000,248.0,largest_component_size,seed002
11000,249.0,largest_component_size,seed002
12000,255.0,largest_component_size,seed002
13000,256.0,largest_component_size,seed002
14000,255.0,largest_component_size,seed002
15000,256.0,largest_component_size,seed002
16000,256.0,largest_component_size,seed002
17000,256.0,largest_component_size,seed002
18000,254.0,largest_component_size,seed002
19000,253.0,largest_component_size,seed002
20000,252.0,largest_component_size,seed002
21000,252.0,largest_component_size,seed002
22000,256.0,largest_component_size,seed002
23000,255.0,largest_component_size,seed002
24000,253.0,largest_component_size,seed002
25000,252.0,largest_component_size,seed002
26000,252.0,largest_component_size,seed002
27000,251.0,largest_component_size,seed002
28000,251.0,largest_component_size,seed002
29000,252.0,largest_component_size,seed002
30000,249.0,largest_component_size,seed002
1000,,largest_component_size_delta,seed002
2000,-1.0,largest_component_size_delta,seed002
3000,1.0,largest_component_size_delta,seed002
4000,0.0,largest_component_size_delta,seed002
5000,-2.0,largest_component_size_delta,seed002
6000,1.0,largest_component_size_delta,seed002
7000,1.0,largest_component_size_delta,seed002
8000,-1.0,largest_component_size_delta,seed002
9000,-7.0,largest_component_size_delta,seed002
10000,0.0,largest_component_size_delta,seed002
11000,1.0,largest_component_size_delta,seed002
12000,6.0,largest_component_size_delta,seed002
13000,1.0,largest_component_size_delta,seed002
14000,-1.0,largest_component_size_delta,seed002
15000,1.0,largest_component_size_delta,seed002
16000,0.0,largest_component_size_delta,seed002
17000,0.0,largest_component_size_delta,seed002
18000,-2.0,largest_component_size_delta,seed002
19000,-1.0,largest_component_size_delta,seed002
20000,-1.0,largest_component_size_delta,seed002
21000,0.0,largest_component_size_delta,seed002
22000,4.0,largest_component_size_delta,seed002
23000,-1.0,largest_component_size_delta,seed002
24000,-2.0,largest_component_size_delta,seed002
25000,-1.0,largest_component_size_delta,seed002
26000,0.0,largest_component_size_delta,seed002
27000,-1.0,largest_component_size_delta,seed002
28000,0.0,largest_component_size_delta,seed002
29000,1.0,largest_component_size_delta,seed002
30000,-3.0,largest_component_size_delta,seed002
1000,,largest_component_size_rel_change,seed002
2000,-0.00390625,largest_component_size_rel_change,seed002
3000,0.0039215686274509,largest_component_size_rel_change,seed002
4000,0.0,largest_component_size_rel_change,seed002
5000,-0.0078125,largest_component_size_rel_change,seed002
6000,0.0039370078740157,largest_component_size_rel_change,seed002
7000,0.0039215686274509,largest_component_size_rel_change,seed002
8000,-0.00390625,largest_component_size_rel_change,seed002
9000,-0.0274509803921568,largest_component_size_rel_change,seed002
10000,0.0,largest_component_size_rel_change,seed002
11000,0.0040322580645162,largest_component_size_rel_change,seed002
12000,0.0240963855421687,largest_component_size_rel_change,seed002
13000,0.0039215686274509,largest_component_size_rel_change,seed002
14000,-0.00390625,largest_component_size_rel_change,seed002
15000,0.0039215686274509,largest_component_size_rel_change,seed002
16000,0.0,largest_component_size_rel_change,seed002
17000,0.0,largest_component_size_rel_change,seed002
18000,-0.0078125,largest_component_size_rel_change,seed002
19000,-0.0039370078740157,largest_component_size_rel_change,seed002
20000,-0.0039525691699604,largest_component_size_rel_change,seed002
21000,0.0,largest_component_size_rel_change,seed002
22000,0.0158730158730158,largest_component_size_rel_change,seed002
23000,-0.00390625,largest_component_size_rel_change,seed002
24000,-0.0078431372549019,largest_component_size_rel_change,seed002
25000,-0.0039525691699604,largest_component_size_rel_change,seed002
26000,0.0,largest_component_size_rel_change,seed002
27000,-0.0039682539682539,largest_component_size_rel_change,seed002
28000,0.0,largest_component_size_rel_change,seed002
29000,0.0039840637450199,largest_component_size_rel_change,seed002
30000,-0.0119047619047618,largest_component_size_rel_change,seed002
1000,255.0,max_degree,seed002
2000,252.0,max_degree,seed002
3000,251.0,max_degree,seed002
4000,254.0,max_degree,seed002
5000,252.0,max_degree,seed002
6000,252.0,max_degree,seed002
7000,253.0,max_degree,seed002
8000,252.0,max_degree,seed002
9000,242.0,max_degree,seed002
10000,240.0,max_degree,seed002
11000,245.0,max_degree,seed002
12000,252.0,max_degree,seed002
13000,255.0,max_degree,seed002
14000,250.0,max_degree,seed002
15000,255.0,max_degree,seed002
16000,255.0,max_degree,seed002
17000,255.0,max_degree,seed002
18000,250.0,max_degree,seed002
19000,252.0,max_degree,seed002
20000,250.0,max_degree,seed002
21000,247.0,max_degree,seed002
22000,253.0,max_degree,seed002
23000,253.0,max_degree,seed002
24000,252.0,max_degree,seed002
25000,250.0,max_degree,seed002
26000,249.0,max_degree,seed002
27000,249.0,max_degree,seed002
28000,247.0,max_degree,seed002
29000,246.0,max_degree,seed002
30000,246.0,max_degree,seed002
1000,0.0007973282191165,modularity,seed002
2000,0.0,modularity,seed002
3000,0.0005869280415452,modularity,seed002
4000,0.0045789338303753,modularity,seed002
5000,0.0,modularity,seed002
6000,0.0,modularity,seed002
7000,0.0008303650612475,modularity,seed002
8000,0.0,modularity,seed002
9000,0.0,modularity,seed002
10000,0.0,modularity,seed002
11000,0.0,modularity,seed002
12000,0.0,modularity,seed002
13000,0.0014614719551378,modularity,seed002
14000,0.0,modularity,seed002
15000,0.0022239303532026,modularity,seed002
16000,0.0007485551772252,modularity,seed002
17000,0.0004948732374517,modularity,seed002
18000,0.0,modularity,seed002
19000,0.0,modularity,seed002
20000,0.0,modularity,seed002
21000,0.0,modularity,seed002
22000,0.002523955146186,modularity,seed002
23000,0.0,modularity,seed002
24000,0.0,modularity,seed002
25000,0.0,modularity,seed002
26000,0.0,modularity,seed002
27000,0.0,modularity,seed002
28000,0.0,modularity,seed002
29000,0.0,modularity,seed002
30000,0.0,modularity,seed002
1000,1.0,num_components,seed002
2000,1.0,num_components,seed002
3000,1.0,num_components,seed002
4000,1.0,num_components,seed002
5000,1.0,num_components,seed002
6000,1.0,num_components,seed002
7000,1.0,num_components,seed002
8000,1.0,num_components,seed002
9000,1.0,num_components,seed002
10000,1.0,num_components,seed002
11000,1.0,num_components,seed002
12000,1.0,num_components,seed002
13000,1.0,num_components,seed002
14000,1.0,num_components,seed002
15000,1.0,num_components,seed002
16000,1.0,num_components,seed002
17000,1.0,num_components,seed002
18000,1.0,num_components,seed002
19000,1.0,num_components,seed002
20000,1.0,num_components,seed002
21000,1.0,num_components,seed002
22000,1.0,num_components,seed002
23000,1.0,num_components,seed002
24000,1.0,num_components,seed002
25000,1.0,num_components,seed002
26000,1.0,num_components,seed002
27000,1.0,num_components,seed002
28000,1.0,num_components,seed002
29000,1.0,num_components,seed002
30000,1.0,num_components,seed002
1000,31843.0,num_edges,seed002
2000,31132.0,num_edges,seed002
3000,30729.0,num_edges,seed002
4000,31782.0,num_edges,seed002
5000,30883.0,num_edges,seed002
6000,30825.0,num_edges,seed002
7000,30918.0,num_edges,seed002
8000,31134.0,num_edges,seed002
9000,26726.0,num_edges,seed002
10000,26846.0,num_edges,seed002
11000,28284.0,num_edges,seed002
12000,30434.0,num_edges,seed002
13000,31629.0,num_edges,seed002
14000,30482.0,num_edges,seed002
15000,31727.0,num_edges,seed002
16000,31961.0,num_edges,seed002
17000,32124.0,num_edges,seed002
18000,30626.0,num_edges,seed002
19000,30489.0,num_edges,seed002
20000,29786.0,num_edges,seed002
21000,29078.0,num_edges,seed002
22000,30945.0,num_edges,seed002
23000,30854.0,num_edges,seed002
24000,30661.0,num_edges,seed002
25000,30167.0,num_edges,seed002
26000,29938.0,num_edges,seed002
27000,29689.0,num_edges,seed002
28000,29345.0,num_edges,seed002
29000,29070.0,num_edges,seed002
30000,29006.0,num_edges,seed002
1000,,num_edges_delta,seed002
2000,-711.0,num_edges_delta,seed002
3000,-403.0,num_edges_delta,seed002
4000,1053.0,num_edges_delta,seed002
5000,-899.0,num_edges_delta,seed002
6000,-58.0,num_edges_delta,seed002
7000,93.0,num_edges_delta,seed002
8000,216.0,num_edges_delta,seed002
9000,-4408.0,num_edges_delta,seed002
10000,120.0,num_edges_delta,seed002
11000,1438.0,num_edges_delta,seed002
12000,2150.0,num_edges_delta,seed002
13000,1195.0,num_edges_delta,seed002
14000,-1147.0,num_edges_delta,seed002
15000,1245.0,num_edges_delta,seed002
16000,234.0,num_edges_delta,seed002
17000,163.0,num_edges_delta,seed002
18000,-1498.0,num_edges_delta,seed002
19000,-137.0,num_edges_delta,seed002
20000,-703.0,num_edges_delta,seed002
21000,-708.0,num_edges_delta,seed002
22000,1867.0,num_edges_delta,seed002
23000,-91.0,num_edges_delta,seed002
24000,-193.0,num_edges_delta,seed002
25000,-494.0,num_edges_delta,seed002
26000,-229.0,num_edges_delta,seed002
27000,-249.0,num_edges_delta,seed002
28000,-344.0,num_edges_delta,seed002
29000,-275.0,num_edges_delta,seed002
30000,-64.0,num_edges_delta,seed002
1000,,num_edges_rel_change,seed002
2000,-0.0223282982131081,num_edges_rel_change,seed002
3000,-0.0129448798663753,num_edges_rel_change,seed002
4000,0.0342673045006345,num_edges_rel_change,seed002
5000,-0.0282864514505065,num_edges_rel_change,seed002
6000,-0.0018780558883527,num_edges_rel_change,seed002
7000,0.0030170316301703,num_edges_rel_change,seed002
8000,0.0069862216184746,num_edges_rel_change,seed002
9000,-0.1415815507162587,num_edges_rel_change,seed002
10000,0.0044900097283544,num_edges_rel_change,seed002
11000,0.053564776875512,num_edges_rel_change,seed002
12000,0.0760147079620987,num_edges_rel_change,seed002
13000,0.0392652953933101,num_edges_rel_change,seed002
14000,-0.0362641879287994,num_edges_rel_change,seed002
15000,0.0408437766550751,num_edges_rel_change,seed002
16000,0.0073754215652284,num_edges_rel_change,seed002
17000,0.0050999655830543,num_edges_rel_change,seed002
18000,-0.0466318017681484,num_edges_rel_change,seed002
19000,-0.0044733233200549,num_edges_rel_change,seed002
20000,-0.023057496146151,num_edges_rel_change,seed002
21000,-0.0237695561673269,num_edges_rel_change,seed002
22000,0.0642066166861545,num_edges_rel_change,seed002
23000,-0.0029407012441428,num_edges_rel_change,seed002
24000,-0.0062552667401309,num_edges_rel_change,seed002
25000,-0.016111672809106,num_edges_rel_change,seed002
26000,-0.0075910763416978,num_edges_rel_change,seed002
27000,-0.008317188856971,num_edges_rel_change,seed002
28000,-0.0115867829835966,num_edges_rel_change,seed002
29000,-0.0093712727892315,num_edges_rel_change,seed002
30000,-0.0022015823873409,num_edges_rel_change,seed002
1000,256.0,num_nodes,seed002
2000,255.0,num_nodes,seed002
3000,256.0,num_nodes,seed002
4000,256.0,num_nodes,seed002
5000,254.0,num_nodes,seed002
6000,255.0,num_nodes,seed002
7000,256.0,num_nodes,seed002
8000,255.0,num_nodes,seed002
9000,248.0,num_nodes,seed002
10000,248.0,num_nodes,seed002
11000,249.0,num_nodes,seed002
12000,255.0,num_nodes,seed002
13000,256.0,num_nodes,seed002
14000,255.0,num_nodes,seed002
15000,256.0,num_nodes,seed002
16000,256.0,num_nodes,seed002
17000,256.0,num_nodes,seed002
18000,254.0,num_nodes,seed002
19000,253.0,num_nodes,seed002
20000,252.0,num_nodes,seed002
21000,252.0,num_nodes,seed002
22000,256.0,num_nodes,seed002
23000,255.0,num_nodes,seed002
24000,253.0,num_nodes,seed002
25000,252.0,num_nodes,seed002
26000,252.0,num_nodes,seed002
27000,251.0,num_nodes,seed002
28000,251.0,num_nodes,seed002
29000,252.0,num_nodes,seed002
30000,249.0,num_nodes,seed002
1000,0.7543894052505493,sae_sparsity,seed002
2000,0.7320799976587296,sae_sparsity,seed002
3000,0.7157451957464218,sae_sparsity,seed002
4000,0.702865332365036,sae_sparsity,seed002
5000,0.6904521733522415,sae_sparsity,seed002
6000,0.7080960720777512,sae_sparsity,seed002
7000,0.721550777554512,sae_sparsity,seed002
8000,0.7056271731853485,sae_sparsity,seed002
9000,0.5966265499591827,sae_sparsity,seed002
10000,0.6040550768375397,sae_sparsity,seed002
11000,0.6272759288549423,sae_sparsity,seed002
12000,0.6610348075628281,sae_sparsity,seed002
13000,0.7046132534742355,sae_sparsity,seed002
14000,0.6942695081233978,sae_sparsity,seed002
15000,0.7161604762077332,sae_sparsity,seed002
16000,0.7475493848323822,sae_sparsity,seed002
17000,0.7640283554792404,sae_sparsity,seed002
18000,0.6952657997608185,sae_sparsity,seed002
19000,0.6896820068359375,sae_sparsity,seed002
20000,0.6744276881217957,sae_sparsity,seed002
21000,0.664643257856369,sae_sparsity,seed002
22000,0.6713292300701141,sae_sparsity,seed002
23000,0.6788591891527176,sae_sparsity,seed002
24000,0.6836970150470734,sae_sparsity,seed002
25000,0.6868447959423065,sae_sparsity,seed002
26000,0.6930044740438461,sae_sparsity,seed002
27000,0.6940766721963882,sae_sparsity,seed002
28000,0.6926370859146118,sae_sparsity,seed002
29000,0.6889155209064484,sae_sparsity,seed002
30000,0.6856894642114639,sae_sparsity,seed002
1000,0.0630977683315621,test_acc,seed002
2000,0.0787725823591923,test_acc,seed002
3000,0.0860786397449521,test_acc,seed002
4000,0.0240435706695005,test_acc,seed002
5000,0.048087141339001,test_acc,seed002
6000,0.0553931987247608,test_acc,seed002
7000,0.0580499468650371,test_acc,seed002
8000,0.0626992561105207,test_acc,seed002
9000,0.0437035069075451,test_acc,seed002
10000,0.0484856535600425,test_acc,seed002
11000,0.055260361317747,test_acc,seed002
12000,0.0605738575982996,test_acc,seed002
13000,0.0632306057385759,test_acc,seed002
14000,0.0573857598299681,test_acc,seed002
15000,0.0649574920297555,test_acc,seed002
16000,0.0721307120085015,test_acc,seed002
17000,0.078241232731137,test_acc,seed002
18000,0.1353613177470775,test_acc,seed002
19000,0.1579436769394261,test_acc,seed002
20000,0.1794633368756641,test_acc,seed002
21000,0.2130712008501594,test_acc,seed002
22000,0.8516206163655685,test_acc,seed002
23000,0.848432518597237,test_acc,seed002
24000,0.845510095642933,test_acc,seed002
25000,0.8372741764080766,test_acc,seed002
26000,0.8285069075451648,test_acc,seed002
27000,0.8148246546227418,test_acc,seed002
28000,0.803134962805526,test_acc,seed002
29000,0.7915781083953242,test_acc,seed002
30000,0.7780286928799149,test_acc,seed002
1000,0.0630977683315621,test_acc_rolling_avg,seed002
2000,0.0709351753453772,test_acc_rolling_avg,seed002
3000,0.0759829968119022,test_acc_rolling_avg,seed002
4000,0.0629649309245483,test_acc_rolling_avg,seed002
5000,0.0527364505844845,test_acc_rolling_avg,seed002
6000,0.0425079702444208,test_acc_rolling_avg,seed002
7000,0.0538434289762663,test_acc_rolling_avg,seed002
8000,0.0587141339001062,test_acc_rolling_avg,seed002
9000,0.0548175699610343,test_acc_rolling_avg,seed002
10000,0.0516294721927028,test_acc_rolling_avg,seed002
11000,0.0491498405951115,test_acc_rolling_avg,seed002
12000,0.054773290825363,test_acc_rolling_avg,seed002
13000,0.0596882748848742,test_acc_rolling_avg,seed002
14000,0.0603967410556146,test_acc_rolling_avg,seed002
15000,0.0618579525327665,test_acc_rolling_avg,seed002
16000,0.0648246546227417,test_acc_rolling_avg,seed002
17000,0.0717764789231314,test_acc_rolling_avg,seed002
18000,0.0952444208289054,test_acc_rolling_avg,seed002
19000,0.1238487424725469,test_acc_rolling_avg,seed002
20000,0.1575894438540559,test_acc_rolling_avg,seed002
21000,0.1834927382217499,test_acc_rolling_avg,seed002
22000,0.4147183846971307,test_acc_rolling_avg,seed002
23000,0.637708111937655,test_acc_rolling_avg,seed002
24000,0.8485210768685795,test_acc_rolling_avg,seed002
25000,0.8437389302160822,test_acc_rolling_avg,seed002
26000,0.8370970598653914,test_acc_rolling_avg,seed002
27000,0.8268685795253278,test_acc_rolling_avg,seed002
28000,0.8154888416578109,test_acc_rolling_avg,seed002
29000,0.8031792419411974,test_acc_rolling_avg,seed002
30000,0.790913921360255,test_acc_rolling_avg,seed002
1000,1.0,train_acc,seed002
2000,1.0,train_acc,seed002
3000,1.0,train_acc,seed002
4000,0.9723551302498672,train_acc,seed002
5000,1.0,train_acc,seed002
6000,1.0,train_acc,seed002
7000,1.0,train_acc,seed002
8000,1.0,train_acc,seed002
9000,1.0,train_acc,seed002
10000,1.0,train_acc,seed002
11000,1.0,train_acc,seed002
12000,1.0,train_acc,seed002
13000,1.0,train_acc,seed002
14000,1.0,train_acc,seed002
15000,1.0,train_acc,seed002
16000,1.0,train_acc,seed002
17000,1.0,train_acc,seed002
18000,1.0,train_acc,seed002
19000,1.0,train_acc,seed002
20000,1.0,train_acc,seed002
21000,1.0,train_acc,seed002
22000,1.0,train_acc,seed002
23000,1.0,train_acc,seed002
24000,1.0,train_acc,seed002
25000,1.0,train_acc,seed002
26000,1.0,train_acc,seed002
27000,1.0,train_acc,seed002
28000,1.0,train_acc,seed002
29000,1.0,train_acc,seed002
30000,1.0,train_acc,seed002
1000,0.0630977683315621,val_acc,seed002
2000,0.0787725823591923,val_acc,seed002
3000,0.0860786397449521,val_acc,seed002
4000,0.0240435706695005,val_acc,seed002
5000,0.048087141339001,val_acc,seed002
6000,0.0553931987247608,val_acc,seed002
7000,0.0580499468650371,val_acc,seed002
8000,0.0626992561105207,val_acc,seed002
9000,0.0437035069075451,val_acc,seed002
10000,0.0484856535600425,val_acc,seed002
11000,0.055260361317747,val_acc,seed002
12000,0.0605738575982996,val_acc,seed002
13000,0.0632306057385759,val_acc,seed002
14000,0.0573857598299681,val_acc,seed002
15000,0.0649574920297555,val_acc,seed002
16000,0.0721307120085015,val_acc,seed002
17000,0.078241232731137,val_acc,seed002
18000,0.1353613177470775,val_acc,seed002
19000,0.1579436769394261,val_acc,seed002
20000,0.1794633368756641,val_acc,seed002
21000,0.2130712008501594,val_acc,seed002
22000,0.8516206163655685,val_acc,seed002
23000,0.848432518597237,val_acc,seed002
24000,0.845510095642933,val_acc,seed002
25000,0.8372741764080766,val_acc,seed002
26000,0.8285069075451648,val_acc,seed002
27000,0.8148246546227418,val_acc,seed002
28000,0.803134962805526,val_acc,seed002
29000,0.7915781083953242,val_acc,seed002
30000,0.7780286928799149,val_acc,seed002
1000,0.9822492899630596,avg_clustering,seed003
2000,0.9821860069850332,avg_clustering,seed003
3000,0.9728428734816544,avg_clustering,seed003
4000,0.9886586631845312,avg_clustering,seed003
5000,0.9732892604663465,avg_clustering,seed003
6000,0.973424708733638,avg_clustering,seed003
7000,0.9746418109542272,avg_clustering,seed003
8000,0.9725346537582584,avg_clustering,seed003
9000,0.9397669873864364,avg_clustering,seed003
10000,0.9409431194420772,avg_clustering,seed003
11000,0.9541785174107946,avg_clustering,seed003
12000,0.9677010408500624,avg_clustering,seed003
13000,0.9738567330736752,avg_clustering,seed003
14000,0.9628828391396088,avg_clustering,seed003
15000,0.9741910589167996,avg_clustering,seed003
16000,0.9846777975599136,avg_clustering,seed003
17000,0.9873888023575772,avg_clustering,seed003
18000,0.9807673429200712,avg_clustering,seed003
19000,0.9703505886078372,avg_clustering,seed003
20000,0.9632427254444892,avg_clustering,seed003
21000,0.9569245156653928,avg_clustering,seed003
22000,0.9755684187949946,avg_clustering,seed003
23000,0.975480368246762,avg_clustering,seed003
24000,0.9775375745237906,avg_clustering,seed003
25000,0.9752201491876286,avg_clustering,seed003
26000,0.974807702932846,avg_clustering,seed003
27000,0.9740894712956804,avg_clustering,seed003
28000,0.971858664560266,avg_clustering,seed003
29000,0.9731838481233088,avg_clustering,seed003
30000,0.9719504069607958,avg_clustering,seed003
1000,,avg_clustering_delta,seed003
2000,-6.328297802660199e-05,avg_clustering_delta,seed003
3000,-0.0093431335033785,avg_clustering_delta,seed003
4000,0.0158157897028767,avg_clustering_delta,seed003
5000,-0.0153694027181849,avg_clustering_delta,seed003
6000,0.0001354482672917,avg_clustering_delta,seed003
7000,0.0012171022205891,avg_clustering_delta,seed003
8000,-0.0021071571959687,avg_clustering_delta,seed003
9000,-0.0327676663718219,avg_clustering_delta,seed003
10000,0.0011761320556408,avg_clustering_delta,seed003
11000,0.0132353979687173,avg_clustering_delta,seed003
12000,0.0135225234392678,avg_clustering_delta,seed003
13000,0.0061556922236127,avg_clustering_delta,seed003
14000,-0.0109738939340663,avg_clustering_delta,seed003
15000,0.0113082197771905,avg_clustering_delta,seed003
16000,0.010486738643114,avg_clustering_delta,seed003
17000,0.0027110047976638,avg_clustering_delta,seed003
18000,-0.0066214594375061,avg_clustering_delta,seed003
19000,-0.0104167543122339,avg_clustering_delta,seed003
20000,-0.0071078631633481,avg_clustering_delta,seed003
21000,-0.0063182097790962,avg_clustering_delta,seed003
22000,0.0186439031296017,avg_clustering_delta,seed003
23000,-8.805054823246561e-05,avg_clustering_delta,seed003
24000,0.0020572062770285,avg_clustering_delta,seed003
25000,-0.002317425336162,avg_clustering_delta,seed003
26000,-0.0004124462547824,avg_clustering_delta,seed003
27000,-0.0007182316371657,avg_clustering_delta,seed003
28000,-0.0022308067354144,avg_clustering_delta,seed003
29000,0.0013251835630428,avg_clustering_delta,seed003
30000,-0.001233441162513,avg_clustering_delta,seed003
1000,,avg_clustering_rel_change,seed003
2000,-6.442659584815491e-05,avg_clustering_rel_change,seed003
3000,-0.0095125907281643,avg_clustering_rel_change,seed003
4000,0.0162572910117277,avg_clustering_rel_change,seed003
5000,-0.015545711872568,avg_clustering_rel_change,seed003
6000,0.0001391654801849,avg_clustering_rel_change,seed003
7000,0.0012503301073716,avg_clustering_rel_change,seed003
8000,-0.0021619811219731,avg_clustering_rel_change,seed003
9000,-0.0336930578722256,avg_clustering_rel_change,seed003
10000,0.001251514547145,avg_clustering_rel_change,seed003
11000,0.0140660978280653,avg_clustering_rel_change,seed003
12000,0.0141719009519956,avg_clustering_rel_change,seed003
13000,0.0063611507725622,avg_clustering_rel_change,seed003
14000,-0.0112684890511879,avg_clustering_rel_change,seed003
15000,0.0117441284832691,avg_clustering_rel_change,seed003
16000,0.0107645605521919,avg_clustering_rel_change,seed003
17000,0.0027531897280326,avg_clustering_rel_change,seed003
18000,-0.0067060305137106,avg_clustering_rel_change,seed003
19000,-0.0106210248408351,avg_clustering_rel_change,seed003
20000,-0.0073250464798972,avg_clustering_rel_change,seed003
21000,-0.006559312219234,avg_clustering_rel_change,seed003
22000,0.0194831492185543,avg_clustering_rel_change,seed003
23000,-9.025563613596076e-05,avg_clustering_rel_change,seed003
24000,0.0021089161237821,avg_clustering_rel_change,seed003
25000,-0.0023706764799205,avg_clustering_rel_change,seed003
26000,-0.0004229263055383,avg_clustering_rel_change,seed003
27000,-0.0007367931490538,avg_clustering_rel_change,seed003
28000,-0.0022901456192182,avg_clustering_rel_change,seed003
29000,0.0013635558454814,avg_clustering_rel_change,seed003
30000,-0.0012674287236595,avg_clustering_rel_change,seed003
1000,0.9822492899630596,avg_clustering_rolling_avg,seed003
2000,0.9822176484740464,avg_clustering_rolling_avg,seed003
3000,0.9790927234765824,avg_clustering_rolling_avg,seed003
4000,0.9812291812170728,avg_clustering_rolling_avg,seed003
5000,0.9782635990441776,avg_clustering_rolling_avg,seed003
6000,0.978457544128172,avg_clustering_rolling_avg,seed003
7000,0.973785260051404,avg_clustering_rolling_avg,seed003
8000,0.9735337244820412,avg_clustering_rolling_avg,seed003
9000,0.962314484032974,avg_clustering_rolling_avg,seed003
10000,0.9510815868622574,avg_clustering_rolling_avg,seed003
11000,0.944962874746436,avg_clustering_rolling_avg,seed003
12000,0.9542742259009782,avg_clustering_rolling_avg,seed003
13000,0.965245430444844,avg_clustering_rolling_avg,seed003
14000,0.9681468710211156,avg_clustering_rolling_avg,seed003
15000,0.9703102103766946,avg_clustering_rolling_avg,seed003
16000,0.9739172318721072,avg_clustering_rolling_avg,seed003
17000,0.9820858862780968,avg_clustering_rolling_avg,seed003
18000,0.984277980945854,avg_clustering_rolling_avg,seed003
19000,0.9795022446284952,avg_clustering_rolling_avg,seed003
20000,0.9714535523241324,avg_clustering_rolling_avg,seed003
21000,0.9635059432392395,avg_clustering_rolling_avg,seed003
22000,0.9652452199682924,avg_clustering_rolling_avg,seed003
23000,0.9693244342357166,avg_clustering_rolling_avg,seed003
24000,0.9761954538551824,avg_clustering_rolling_avg,seed003
25000,0.9760793639860604,avg_clustering_rolling_avg,seed003
26000,0.9758551422147552,avg_clustering_rolling_avg,seed003
27000,0.9747057744720516,avg_clustering_rolling_avg,seed003
28000,0.9735852795962642,avg_clustering_rolling_avg,seed003
29000,0.9730439946597516,avg_clustering_rolling_avg,seed003
30000,0.97233097321479,avg_clustering_rolling_avg,seed003
1000,249.6875,avg_degree,seed003
2000,246.94117647058823,avg_degree,seed003
3000,242.76377952755905,avg_degree,seed003
4000,249.8267716535433,avg_degree,seed003
5000,243.64705882352945,avg_degree,seed003
6000,241.38582677165357,avg_degree,seed003
7000,239.2941176470588,avg_degree,seed003
8000,244.92549019607844,avg_degree,seed003
9000,216.552,avg_degree,seed003
10000,216.0,avg_degree,seed003
11000,221.36507936507937,avg_degree,seed003
12000,239.8102766798419,avg_degree,seed003
13000,242.56349206349208,avg_degree,seed003
14000,241.1796875,avg_degree,seed003
15000,246.328125,avg_degree,seed003
16000,249.46666666666667,avg_degree,seed003
17000,250.78125,avg_degree,seed003
18000,248.9765625,avg_degree,seed003
19000,243.9453125,avg_degree,seed003
20000,231.81102362204723,avg_degree,seed003
21000,235.36470588235292,avg_degree,seed003
22000,238.243137254902,avg_degree,seed003
23000,238.4,avg_degree,seed003
24000,239.87351778656125,avg_degree,seed003
25000,237.66666666666663,avg_degree,seed003
26000,235.64285714285717,avg_degree,seed003
27000,236.47011952191235,avg_degree,seed003
28000,234.4417670682731,avg_degree,seed003
29000,232.14574898785423,avg_degree,seed003
30000,232.57258064516128,avg_degree,seed003
1000,0.9791666666666666,density,seed003
2000,0.9722093561834182,density,seed003
3000,0.9595406305437116,density,seed003
4000,0.9874575954685506,density,seed003
5000,0.9592403890690134,density,seed003
6000,0.9540941769630576,density,seed003
7000,0.9421028253821212,density,seed003
8000,0.9642735834491276,density,seed003
9000,0.8696867469879518,density,seed003
10000,0.864,density,seed003
11000,0.88193258711187,density,seed003
12000,0.9516280820628646,density,seed003
13000,0.966388414595586,density,seed003
14000,0.9458026960784314,density,seed003
15000,0.9659926470588236,density,seed003
16000,0.9821522309711286,density,seed003
17000,0.9834558823529412,density,seed003
18000,0.9763786764705882,density,seed003
19000,0.9566482843137256,density,seed003
20000,0.9162491052254832,density,seed003
21000,0.9266327003242242,density,seed003
22000,0.9379651073027636,density,seed003
23000,0.9385826771653544,density,seed003
24000,0.9518790388355606,density,seed003
25000,0.9468791500664012,density,seed003
26000,0.9388161639157656,density,seed003
27000,0.9458804780876494,density,seed003
28000,0.945329705920456,density,seed003
29000,0.943681906454692,density,seed003
30000,0.9415893953245396,density,seed003
1000,,density_delta,seed003
2000,-0.0069573104832484,density_delta,seed003
3000,-0.0126687256397065,density_delta,seed003
4000,0.0279169649248389,density_delta,seed003
5000,-0.0282172063995371,density_delta,seed003
6000,-0.0051462121059558,density_delta,seed003
7000,-0.0119913515809362,density_delta,seed003
8000,0.0221707580670064,density_delta,seed003
9000,-0.0945868364611759,density_delta,seed003
10000,-0.0056867469879517,density_delta,seed003
11000,0.0179325871118699,density_delta,seed003
12000,0.0696954949509947,density_delta,seed003
13000,0.0147603325327212,density_delta,seed003
14000,-0.0205857185171545,density_delta,seed003
15000,0.0201899509803921,density_delta,seed003
16000,0.016159583912305,density_delta,seed003
17000,0.0013036513818125,density_delta,seed003
18000,-0.0070772058823529,density_delta,seed003
19000,-0.0197303921568626,density_delta,seed003
20000,-0.0403991790882423,density_delta,seed003
21000,0.0103835950987409,density_delta,seed003
22000,0.0113324069785394,density_delta,seed003
23000,0.0006175698625907,density_delta,seed003
24000,0.0132963616702062,density_delta,seed003
25000,-0.0049998887691594,density_delta,seed003
26000,-0.0080629861506356,density_delta,seed003
27000,0.0070643141718839,density_delta,seed003
28000,-0.0005507721671933,density_delta,seed003
29000,-0.0016477994657639,density_delta,seed003
30000,-0.0020925111301524,density_delta,seed003
1000,,density_rel_change,seed003
2000,-0.0071053383658707,density_rel_change,seed003
3000,-0.0130308616751436,density_rel_change,seed003
4000,0.0290940936070838,density_rel_change,seed003
5000,-0.0285756133012963,density_rel_change,seed003
6000,-0.0053648826348424,density_rel_change,seed003
7000,-0.0125683102050841,density_rel_change,seed003
8000,0.0235332677810555,density_rel_change,seed003
9000,-0.0980912866272314,density_rel_change,seed003
10000,-0.0065388451734456,density_rel_change,seed003
11000,0.0207553091572569,density_rel_change,seed003
12000,0.0790258756388986,density_rel_change,seed003
13000,0.0155106105115403,density_rel_change,seed003
14000,-0.0213017025103402,density_rel_change,seed003
15000,0.02134689514431,density_rel_change,seed003
16000,0.016728475068114,density_rel_change,seed003
17000,0.0013273414657151,density_rel_change,seed003
18000,-0.0071962616822429,density_rel_change,seed003
19000,-0.0202077253757568,density_rel_change,seed003
20000,-0.0422299185088944,density_rel_change,seed003
21000,0.0113327205882352,density_rel_change,seed003
22000,0.0122296644340031,density_rel_change,seed003
23000,0.000658414537793,density_rel_change,seed003
24000,0.0141664256050015,density_rel_change,seed003
25000,-0.0052526514033504,density_rel_change,seed003
26000,-0.0085153275896614,density_rel_change,seed003
27000,0.0075247044558957,density_rel_change,seed003
28000,-0.0005822851617647,density_rel_change,seed003
29000,-0.0017430949809829,density_rel_change,seed003
30000,-0.002217390325956,density_rel_change,seed003
1000,0.9791666666666666,density_rolling_avg,seed003
2000,0.9756880114250424,density_rolling_avg,seed003
3000,0.9703055511312654,density_rolling_avg,seed003
4000,0.9730691940652269,density_rolling_avg,seed003
5000,0.968746205027092,density_rolling_avg,seed003
6000,0.9669307205002072,density_rolling_avg,seed003
7000,0.9518124638047308,density_rolling_avg,seed003
8000,0.9534901952647687,density_rolling_avg,seed003
9000,0.9253543852730668,density_rolling_avg,seed003
10000,0.8993201101456932,density_rolling_avg,seed003
11000,0.8718731113666073,density_rolling_avg,seed003
12000,0.8991868897249115,density_rolling_avg,seed003
13000,0.9333163612567736,density_rolling_avg,seed003
14000,0.9546063975789606,density_rolling_avg,seed003
15000,0.959394585910947,density_rolling_avg,seed003
16000,0.9646491913694611,density_rolling_avg,seed003
17000,0.9772002534609644,density_rolling_avg,seed003
18000,0.980662263264886,density_rolling_avg,seed003
19000,0.9721609477124185,density_rolling_avg,seed003
20000,0.9497586886699324,density_rolling_avg,seed003
21000,0.9331766966211444,density_rolling_avg,seed003
22000,0.9269489709508236,density_rolling_avg,seed003
23000,0.9343934949307808,density_rolling_avg,seed003
24000,0.9428089411012264,density_rolling_avg,seed003
25000,0.9457802886891052,density_rolling_avg,seed003
26000,0.945858117605909,density_rolling_avg,seed003
27000,0.9438585973566052,density_rolling_avg,seed003
28000,0.9433421159746236,density_rolling_avg,seed003
29000,0.944964030154266,density_rolling_avg,seed003
30000,0.9435336692332292,density_rolling_avg,seed003
1000,256.0,largest_component_size,seed003
2000,255.0,largest_component_size,seed003
3000,254.0,largest_component_size,seed003
4000,254.0,largest_component_size,seed003
5000,255.0,largest_component_size,seed003
6000,254.0,largest_component_size,seed003
7000,255.0,largest_component_size,seed003
8000,255.0,largest_component_size,seed003
9000,250.0,largest_component_size,seed003
10000,251.0,largest_component_size,seed003
11000,252.0,largest_component_size,seed003
12000,253.0,largest_component_size,seed003
13000,252.0,largest_component_size,seed003
14000,256.0,largest_component_size,seed003
15000,256.0,largest_component_size,seed003
16000,255.0,largest_component_size,seed003
17000,256.0,largest_component_size,seed003
18000,256.0,largest_component_size,seed003
19000,256.0,largest_component_size,seed003
20000,254.0,largest_component_size,seed003
21000,255.0,largest_component_size,seed003
22000,255.0,largest_component_size,seed003
23000,255.0,largest_component_size,seed003
24000,253.0,largest_component_size,seed003
25000,252.0,largest_component_size,seed003
26000,252.0,largest_component_size,seed003
27000,251.0,largest_component_size,seed003
28000,249.0,largest_component_size,seed003
29000,247.0,largest_component_size,seed003
30000,248.0,largest_component_size,seed003
1000,,largest_component_size_delta,seed003
2000,-1.0,largest_component_size_delta,seed003
3000,-1.0,largest_component_size_delta,seed003
4000,0.0,largest_component_size_delta,seed003
5000,1.0,largest_component_size_delta,seed003
6000,-1.0,largest_component_size_delta,seed003
7000,1.0,largest_component_size_delta,seed003
8000,0.0,largest_component_size_delta,seed003
9000,-5.0,largest_component_size_delta,seed003
10000,1.0,largest_component_size_delta,seed003
11000,1.0,largest_component_size_delta,seed003
12000,1.0,largest_component_size_delta,seed003
13000,-1.0,largest_component_size_delta,seed003
14000,4.0,largest_component_size_delta,seed003
15000,0.0,largest_component_size_delta,seed003
16000,-1.0,largest_component_size_delta,seed003
17000,1.0,largest_component_size_delta,seed003
18000,0.0,largest_component_size_delta,seed003
19000,0.0,largest_component_size_delta,seed003
20000,-2.0,largest_component_size_delta,seed003
21000,1.0,largest_component_size_delta,seed003
22000,0.0,largest_component_size_delta,seed003
23000,0.0,largest_component_size_delta,seed003
24000,-2.0,largest_component_size_delta,seed003
25000,-1.0,largest_component_size_delta,seed003
26000,0.0,largest_component_size_delta,seed003
27000,-1.0,largest_component_size_delta,seed003
28000,-2.0,largest_component_size_delta,seed003
29000,-2.0,largest_component_size_delta,seed003
30000,1.0,largest_component_size_delta,seed003
1000,,largest_component_size_rel_change,seed003
2000,-0.00390625,largest_component_size_rel_change,seed003
3000,-0.0039215686274509,largest_component_size_rel_change,seed003
4000,0.0,largest_component_size_rel_change,seed003
5000,0.0039370078740157,largest_component_size_rel_change,seed003
6000,-0.0039215686274509,largest_component_size_rel_change,seed003
7000,0.0039370078740157,largest_component_size_rel_change,seed003
8000,0.0,largest_component_size_rel_change,seed003
9000,-0.0196078431372549,largest_component_size_rel_change,seed003
10000,0.004,largest_component_size_rel_change,seed003
11000,0.0039840637450199,largest_component_size_rel_change,seed003
12000,0.0039682539682539,largest_component_size_rel_change,seed003
13000,-0.0039525691699604,largest_component_size_rel_change,seed003
14000,0.0158730158730158,largest_component_size_rel_change,seed003
15000,0.0,largest_component_size_rel_change,seed003
16000,-0.00390625,largest_component_size_rel_change,seed003
17000,0.0039215686274509,largest_component_size_rel_change,seed003
18000,0.0,largest_component_size_rel_change,seed003
19000,0.0,largest_component_size_rel_change,seed003
20000,-0.0078125,largest_component_size_rel_change,seed003
21000,0.0039370078740157,largest_component_size_rel_change,seed003
22000,0.0,largest_component_size_rel_change,seed003
23000,0.0,largest_component_size_rel_change,seed003
24000,-0.0078431372549019,largest_component_size_rel_change,seed003
25000,-0.0039525691699604,largest_component_size_rel_change,seed003
26000,0.0,largest_component_size_rel_change,seed003
27000,-0.0039682539682539,largest_component_size_rel_change,seed003
28000,-0.0079681274900398,largest_component_size_rel_change,seed003
29000,-0.0080321285140562,largest_component_size_rel_change,seed003
30000,0.0040485829959513,largest_component_size_rel_change,seed003
1000,255.0,max_degree,seed003
2000,253.0,max_degree,seed003
3000,252.0,max_degree,seed003
4000,253.0,max_degree,seed003
5000,254.0,max_degree,seed003
6000,252.0,max_degree,seed003
7000,250.0,max_degree,seed003
8000,254.0,max_degree,seed003
9000,239.0,max_degree,seed003
10000,241.0,max_degree,seed003
11000,243.0,max_degree,seed003
12000,251.0,max_degree,seed003
13000,251.0,max_degree,seed003
14000,254.0,max_degree,seed003
15000,255.0,max_degree,seed003
16000,254.0,max_degree,seed003
17000,255.0,max_degree,seed003
18000,255.0,max_degree,seed003
19000,254.0,max_degree,seed003
20000,248.0,max_degree,seed003
21000,252.0,max_degree,seed003
22000,250.0,max_degree,seed003
23000,250.0,max_degree,seed003
24000,249.0,max_degree,seed003
25000,248.0,max_degree,seed003
26000,249.0,max_degree,seed003
27000,248.0,max_degree,seed003
28000,245.0,max_degree,seed003
29000,243.0,max_degree,seed003
30000,244.0,max_degree,seed003
1000,0.0004896194059198,modularity,seed003
2000,0.0,modularity,seed003
3000,0.0,modularity,seed003
4000,0.0,modularity,seed003
5000,0.0,modularity,seed003
6000,0.0,modularity,seed003
7000,0.0,modularity,seed003
8000,0.0,modularity,seed003
9000,0.0,modularity,seed003
10000,0.0,modularity,seed003
11000,0.0,modularity,seed003
12000,0.0,modularity,seed003
13000,0.0,modularity,seed003
14000,0.0015458123151348,modularity,seed003
15000,0.0024703060294852,modularity,seed003
16000,0.0,modularity,seed003
17000,0.000570895827379,modularity,seed003
18000,0.0023209781233938,modularity,seed003
19000,0.0035080492560769,modularity,seed003
20000,0.0,modularity,seed003
21000,0.0,modularity,seed003
22000,0.0,modularity,seed003
23000,0.0,modularity,seed003
24000,0.0,modularity,seed003
25000,0.0,modularity,seed003
26000,0.0,modularity,seed003
27000,0.0,modularity,seed003
28000,0.0,modularity,seed003
29000,0.0,modularity,seed003
30000,0.0,modularity,seed003
1000,1.0,num_components,seed003
2000,1.0,num_components,seed003
3000,1.0,num_components,seed003
4000,1.0,num_components,seed003
5000,1.0,num_components,seed003
6000,1.0,num_components,seed003
7000,1.0,num_components,seed003
8000,1.0,num_components,seed003
9000,1.0,num_components,seed003
10000,1.0,num_components,seed003
11000,1.0,num_components,seed003
12000,1.0,num_components,seed003
13000,1.0,num_components,seed003
14000,1.0,num_components,seed003
15000,1.0,num_components,seed003
16000,1.0,num_components,seed003
17000,1.0,num_components,seed003
18000,1.0,num_components,seed003
19000,1.0,num_components,seed003
20000,1.0,num_components,seed003
21000,1.0,num_components,seed003
22000,1.0,num_components,seed003
23000,1.0,num_components,seed003
24000,1.0,num_components,seed003
25000,1.0,num_components,seed003
26000,1.0,num_components,seed003
27000,1.0,num_components,seed003
28000,1.0,num_components,seed003
29000,1.0,num_components,seed003
30000,1.0,num_components,seed003
1000,31960.0,num_edges,seed003
2000,31485.0,num_edges,seed003
3000,30831.0,num_edges,seed003
4000,31728.0,num_edges,seed003
5000,31065.0,num_edges,seed003
6000,30656.0,num_edges,seed003
7000,30510.0,num_edges,seed003
8000,31228.0,num_edges,seed003
9000,27069.0,num_edges,seed003
10000,27108.0,num_edges,seed003
11000,27892.0,num_edges,seed003
12000,30336.0,num_edges,seed003
13000,30563.0,num_edges,seed003
14000,30871.0,num_edges,seed003
15000,31530.0,num_edges,seed003
16000,31807.0,num_edges,seed003
17000,32100.0,num_edges,seed003
18000,31869.0,num_edges,seed003
19000,31225.0,num_edges,seed003
20000,29440.0,num_edges,seed003
21000,30009.0,num_edges,seed003
22000,30376.0,num_edges,seed003
23000,30396.0,num_edges,seed003
24000,30344.0,num_edges,seed003
25000,29946.0,num_edges,seed003
26000,29691.0,num_edges,seed003
27000,29677.0,num_edges,seed003
28000,29188.0,num_edges,seed003
29000,28670.0,num_edges,seed003
30000,28839.0,num_edges,seed003
1000,,num_edges_delta,seed003
2000,-475.0,num_edges_delta,seed003
3000,-654.0,num_edges_delta,seed003
4000,897.0,num_edges_delta,seed003
5000,-663.0,num_edges_delta,seed003
6000,-409.0,num_edges_delta,seed003
7000,-146.0,num_edges_delta,seed003
8000,718.0,num_edges_delta,seed003
9000,-4159.0,num_edges_delta,seed003
10000,39.0,num_edges_delta,seed003
11000,784.0,num_edges_delta,seed003
12000,2444.0,num_edges_delta,seed003
13000,227.0,num_edges_delta,seed003
14000,308.0,num_edges_delta,seed003
15000,659.0,num_edges_delta,seed003
16000,277.0,num_edges_delta,seed003
17000,293.0,num_edges_delta,seed003
18000,-231.0,num_edges_delta,seed003
19000,-644.0,num_edges_delta,seed003
20000,-1785.0,num_edges_delta,seed003
21000,569.0,num_edges_delta,seed003
22000,367.0,num_edges_delta,seed003
23000,20.0,num_edges_delta,seed003
24000,-52.0,num_edges_delta,seed003
25000,-398.0,num_edges_delta,seed003
26000,-255.0,num_edges_delta,seed003
27000,-14.0,num_edges_delta,seed003
28000,-489.0,num_edges_delta,seed003
29000,-518.0,num_edges_delta,seed003
30000,169.0,num_edges_delta,seed003
1000,,num_edges_rel_change,seed003
2000,-0.0148623279098873,num_edges_rel_change,seed003
3000,-0.0207717960933777,num_edges_rel_change,seed003
4000,0.0290940936070838,num_edges_rel_change,seed003
5000,-0.0208963691376702,num_edges_rel_change,seed003
6000,-0.013165942378883,num_edges_rel_change,seed003
7000,-0.0047625260960334,num_edges_rel_change,seed003
8000,0.0235332677810553,num_edges_rel_change,seed003
9000,-0.1331817599590111,num_edges_rel_change,seed003
10000,0.0014407624958439,num_edges_rel_change,seed003
11000,0.0289213516305149,num_edges_rel_change,seed003
12000,0.087623691381041,num_edges_rel_change,seed003
13000,0.007482858649789,num_edges_rel_change,seed003
14000,0.0100775447436443,num_edges_rel_change,seed003
15000,0.02134689514431,num_edges_rel_change,seed003
16000,0.0087852838566444,num_edges_rel_change,seed003
17000,0.0092118087213506,num_edges_rel_change,seed003
18000,-0.0071962616822429,num_edges_rel_change,seed003
19000,-0.0202077253757569,num_edges_rel_change,seed003
20000,-0.0571657325860688,num_edges_rel_change,seed003
21000,0.0193274456521739,num_edges_rel_change,seed003
22000,0.0122296644340031,num_edges_rel_change,seed003
23000,0.000658414537793,num_edges_rel_change,seed003
24000,-0.0017107514146598,num_edges_rel_change,seed003
25000,-0.0131162668072765,num_edges_rel_change,seed003
26000,-0.0085153275896613,num_edges_rel_change,seed003
27000,-0.0004715233572463,num_edges_rel_change,seed003
28000,-0.0164774067459648,num_edges_rel_change,seed003
29000,-0.0177470193230094,num_edges_rel_change,seed003
30000,0.0058946634112313,num_edges_rel_change,seed003
1000,256.0,num_nodes,seed003
2000,255.0,num_nodes,seed003
3000,254.0,num_nodes,seed003
4000,254.0,num_nodes,seed003
5000,255.0,num_nodes,seed003
6000,254.0,num_nodes,seed003
7000,255.0,num_nodes,seed003
8000,255.0,num_nodes,seed003
9000,250.0,num_nodes,seed003
10000,251.0,num_nodes,seed003
11000,252.0,num_nodes,seed003
12000,253.0,num_nodes,seed003
13000,252.0,num_nodes,seed003
14000,256.0,num_nodes,seed003
15000,256.0,num_nodes,seed003
16000,255.0,num_nodes,seed003
17000,256.0,num_nodes,seed003
18000,256.0,num_nodes,seed003
19000,256.0,num_nodes,seed003
20000,254.0,num_nodes,seed003
21000,255.0,num_nodes,seed003
22000,255.0,num_nodes,seed003
23000,255.0,num_nodes,seed003
24000,253.0,num_nodes,seed003
25000,252.0,num_nodes,seed003
26000,252.0,num_nodes,seed003
27000,251.0,num_nodes,seed003
28000,249.0,num_nodes,seed003
29000,247.0,num_nodes,seed003
30000,248.0,num_nodes,seed003
1000,0.7597190588712692,sae_sparsity,seed003
2000,0.7303520739078522,sae_sparsity,seed003
3000,0.7137628793716431,sae_sparsity,seed003
4000,0.7055760025978088,sae_sparsity,seed003
5000,0.6922596842050552,sae_sparsity,seed003
6000,0.6914768815040588,sae_sparsity,seed003
7000,0.7086585462093353,sae_sparsity,seed003
8000,0.7045160531997681,sae_sparsity,seed003
9000,0.594758003950119,sae_sparsity,seed003
10000,0.6138235926628113,sae_sparsity,seed003
11000,0.647811233997345,sae_sparsity,seed003
12000,0.6752599477767944,sae_sparsity,seed003
13000,0.690452441573143,sae_sparsity,seed003
14000,0.6778251379728317,sae_sparsity,seed003
15000,0.7067919820547104,sae_sparsity,seed003
16000,0.7457175403833389,sae_sparsity,seed003
17000,0.7571949064731598,sae_sparsity,seed003
18000,0.7146209180355072,sae_sparsity,seed003
19000,0.6945070773363113,sae_sparsity,seed003
20000,0.6816821843385696,sae_sparsity,seed003
21000,0.6865556687116623,sae_sparsity,seed003
22000,0.6861524879932404,sae_sparsity,seed003
23000,0.6970270127058029,sae_sparsity,seed003
24000,0.7031661719083786,sae_sparsity,seed003
25000,0.6995282620191574,sae_sparsity,seed003
26000,0.697418600320816,sae_sparsity,seed003
27000,0.7015741318464279,sae_sparsity,seed003
28000,0.7004776000976562,sae_sparsity,seed003
29000,0.7054318338632584,sae_sparsity,seed003
30000,0.7105661630630493,sae_sparsity,seed003
1000,0.0630977683315621,test_acc,seed003
2000,0.0787725823591923,test_acc,seed003
3000,0.0860786397449521,test_acc,seed003
4000,0.0240435706695005,test_acc,seed003
5000,0.048087141339001,test_acc,seed003
6000,0.0553931987247608,test_acc,seed003
7000,0.0580499468650371,test_acc,seed003
8000,0.0626992561105207,test_acc,seed003
9000,0.0437035069075451,test_acc,seed003
10000,0.0484856535600425,test_acc,seed003
11000,0.055260361317747,test_acc,seed003
12000,0.0605738575982996,test_acc,seed003
13000,0.0632306057385759,test_acc,seed003
14000,0.0573857598299681,test_acc,seed003
15000,0.0649574920297555,test_acc,seed003
16000,0.0721307120085015,test_acc,seed003
17000,0.078241232731137,test_acc,seed003
18000,0.1353613177470775,test_acc,seed003
19000,0.1579436769394261,test_acc,seed003
20000,0.1794633368756641,test_acc,seed003
21000,0.2130712008501594,test_acc,seed003
22000,0.8516206163655685,test_acc,seed003
23000,0.848432518597237,test_acc,seed003
24000,0.845510095642933,test_acc,seed003
25000,0.8372741764080766,test_acc,seed003
26000,0.8285069075451648,test_acc,seed003
27000,0.8148246546227418,test_acc,seed003
28000,0.803134962805526,test_acc,seed003
29000,0.7915781083953242,test_acc,seed003
30000,0.7780286928799149,test_acc,seed003
1000,0.0630977683315621,test_acc_rolling_avg,seed003
2000,0.0709351753453772,test_acc_rolling_avg,seed003
3000,0.0759829968119022,test_acc_rolling_avg,seed003
4000,0.0629649309245483,test_acc_rolling_avg,seed003
5000,0.0527364505844845,test_acc_rolling_avg,seed003
6000,0.0425079702444208,test_acc_rolling_avg,seed003
7000,0.0538434289762663,test_acc_rolling_avg,seed003
8000,0.0587141339001062,test_acc_rolling_avg,seed003
9000,0.0548175699610343,test_acc_rolling_avg,seed003
10000,0.0516294721927028,test_acc_rolling_avg,seed003
11000,0.0491498405951115,test_acc_rolling_avg,seed003
12000,0.054773290825363,test_acc_rolling_avg,seed003
13000,0.0596882748848742,test_acc_rolling_avg,seed003
14000,0.0603967410556146,test_acc_rolling_avg,seed003
15000,0.0618579525327665,test_acc_rolling_avg,seed003
16000,0.0648246546227417,test_acc_rolling_avg,seed003
17000,0.0717764789231314,test_acc_rolling_avg,seed003
18000,0.0952444208289054,test_acc_rolling_avg,seed003
19000,0.1238487424725469,test_acc_rolling_avg,seed003
20000,0.1575894438540559,test_acc_rolling_avg,seed003
21000,0.1834927382217499,test_acc_rolling_avg,seed003
22000,0.4147183846971307,test_acc_rolling_avg,seed003
23000,0.637708111937655,test_acc_rolling_avg,seed003
24000,0.8485210768685795,test_acc_rolling_avg,seed003
25000,0.8437389302160822,test_acc_rolling_avg,seed003
26000,0.8370970598653914,test_acc_rolling_avg,seed003
27000,0.8268685795253278,test_acc_rolling_avg,seed003
28000,0.8154888416578109,test_acc_rolling_avg,seed003
29000,0.8031792419411974,test_acc_rolling_avg,seed003
30000,0.790913921360255,test_acc_rolling_avg,seed003
1000,1.0,train_acc,seed003
2000,1.0,train_acc,seed003
3000,1.0,train_acc,seed003
4000,0.9723551302498672,train_acc,seed003
5000,1.0,train_acc,seed003
6000,1.0,train_acc,seed003
7000,1.0,train_acc,seed003
8000,1.0,train_acc,seed003
9000,1.0,train_acc,seed003
10000,1.0,train_acc,seed003
11000,1.0,train_acc,seed003
12000,1.0,train_acc,seed003
13000,1.0,train_acc,seed003
14000,1.0,train_acc,seed003
15000,1.0,train_acc,seed003
16000,1.0,train_acc,seed003
17000,1.0,train_acc,seed003
18000,1.0,train_acc,seed003
19000,1.0,train_acc,seed003
20000,1.0,train_acc,seed003
21000,1.0,train_acc,seed003
22000,1.0,train_acc,seed003
23000,1.0,train_acc,seed003
24000,1.0,train_acc,seed003
25000,1.0,train_acc,seed003
26000,1.0,train_acc,seed003
27000,1.0,train_acc,seed003
28000,1.0,train_acc,seed003
29000,1.0,train_acc,seed003
30000,1.0,train_acc,seed003
1000,0.0630977683315621,val_acc,seed003
2000,0.0787725823591923,val_acc,seed003
3000,0.0860786397449521,val_acc,seed003
4000,0.0240435706695005,val_acc,seed003
5000,0.048087141339001,val_acc,seed003
6000,0.0553931987247608,val_acc,seed003
7000,0.0580499468650371,val_acc,seed003
8000,0.0626992561105207,val_acc,seed003
9000,0.0437035069075451,val_acc,seed003
10000,0.0484856535600425,val_acc,seed003
11000,0.055260361317747,val_acc,seed003
12000,0.0605738575982996,val_acc,seed003
13000,0.0632306057385759,val_acc,seed003
14000,0.0573857598299681,val_acc,seed003
15000,0.0649574920297555,val_acc,seed003
16000,0.0721307120085015,val_acc,seed003
17000,0.078241232731137,val_acc,seed003
18000,0.1353613177470775,val_acc,seed003
19000,0.1579436769394261,val_acc,seed003
20000,0.1794633368756641,val_acc,seed003
21000,0.2130712008501594,val_acc,seed003
22000,0.8516206163655685,val_acc,seed003
23000,0.848432518597237,val_acc,seed003
24000,0.845510095642933,val_acc,seed003
25000,0.8372741764080766,val_acc,seed003
26000,0.8285069075451648,val_acc,seed003
27000,0.8148246546227418,val_acc,seed003
28000,0.803134962805526,val_acc,seed003
29000,0.7915781083953242,val_acc,seed003
30000,0.7780286928799149,val_acc,seed003
1000,0.9876689630110336,avg_clustering,seed004
2000,0.9766185175205442,avg_clustering,seed004
3000,0.9679498624925787,avg_clustering,seed004
4000,0.9805082841024588,avg_clustering,seed004
5000,0.9638684267661916,avg_clustering,seed004
6000,0.9664711562897664,avg_clustering,seed004
7000,0.9690296395491012,avg_clustering,seed004
8000,0.9760920819291165,avg_clustering,seed004
9000,0.9247983692150584,avg_clustering,seed004
10000,0.9313023984015268,avg_clustering,seed004
11000,0.9363022731910824,avg_clustering,seed004
12000,0.9476649944080204,avg_clustering,seed004
13000,0.9628519632225108,avg_clustering,seed004
14000,0.9613649357088062,avg_clustering,seed004
15000,0.9745980687602294,avg_clustering,seed004
16000,0.9816792060291304,avg_clustering,seed004
17000,0.9858933665579002,avg_clustering,seed004
18000,0.9648871408914876,avg_clustering,seed004
19000,0.9502618645282246,avg_clustering,seed004
20000,0.957229034567222,avg_clustering,seed004
21000,0.9458907373376896,avg_clustering,seed004
22000,0.9739329423587374,avg_clustering,seed004
23000,0.9718970852213462,avg_clustering,seed004
24000,0.9704187840132652,avg_clustering,seed004
25000,0.9719623928588992,avg_clustering,seed004
26000,0.9690055230433336,avg_clustering,seed004
27000,0.9679623617767822,avg_clustering,seed004
28000,0.9640319958184428,avg_clustering,seed004
29000,0.960568587474705,avg_clustering,seed004
30000,0.9604908339806948,avg_clustering,seed004
1000,,avg_clustering_delta,seed004
2000,-0.0110504454904895,avg_clustering_delta,seed004
3000,-0.0086686550279653,avg_clustering_delta,seed004
4000,0.0125584216098798,avg_clustering_delta,seed004
5000,-0.016639857336267,avg_clustering_delta,seed004
6000,0.0026027295235746,avg_clustering_delta,seed004
7000,0.0025584832593349,avg_clustering_delta,seed004
8000,0.007062442380015,avg_clustering_delta,seed004
9000,-0.051293712714058,avg_clustering_delta,seed004
10000,0.0065040291864684,avg_clustering_delta,seed004
11000,0.0049998747895557,avg_clustering_delta,seed004
12000,0.011362721216938,avg_clustering_delta,seed004
13000,0.0151869688144902,avg_clustering_delta,seed004
14000,-0.0014870275137045,avg_clustering_delta,seed004
15000,0.0132331330514231,avg_clustering_delta,seed004
16000,0.007081137268901,avg_clustering_delta,seed004
17000,0.0042141605287697,avg_clustering_delta,seed004
18000,-0.0210062256664125,avg_clustering_delta,seed004
19000,-0.014625276363263,avg_clustering_delta,seed004
20000,0.0069671700389972,avg_clustering_delta,seed004
21000,-0.0113382972295323,avg_clustering_delta,seed004
22000,0.0280422050210479,avg_clustering_delta,seed004
23000,-0.0020358571373911,avg_clustering_delta,seed004
24000,-0.0014783012080811,avg_clustering_delta,seed004
25000,0.0015436088456339,avg_clustering_delta,seed004
26000,-0.0029568698155655,avg_clustering_delta,seed004
27000,-0.0010431612665513,avg_clustering_delta,seed004
28000,-0.0039303659583392,avg_clustering_delta,seed004
29000,-0.0034634083437379,avg_clustering_delta,seed004
30000,-7.775349401006881e-05,avg_clustering_delta,seed004
1000,,avg_clustering_rel_change,seed004
2000,-0.0111884101903949,avg_clustering_rel_change,seed004
3000,-0.008876193592943,avg_clustering_rel_change,seed004
4000,0.0129742480437369,avg_clustering_rel_change,seed004
5000,-0.0169706443138304,avg_clustering_rel_change,seed004
6000,0.0027002954462436,avg_clustering_rel_change,seed004
7000,0.0026472422303391,avg_clustering_rel_change,seed004
8000,0.0072881593005775,avg_clustering_rel_change,seed004
9000,-0.0525500756165164,avg_clustering_rel_change,seed004
10000,0.0070329159338686,avg_clustering_rel_change,seed004
11000,0.005368690983871,avg_clustering_rel_change,seed004
12000,0.01213574028632,avg_clustering_rel_change,seed004
13000,0.0160256724729788,avg_clustering_rel_change,seed004
14000,-0.0015443989008733,avg_clustering_rel_change,seed004
15000,0.0137649424894683,avg_clustering_rel_change,seed004
16000,0.0072657000828133,avg_clustering_rel_change,seed004
17000,0.0042928081830477,avg_clustering_rel_change,seed004
18000,-0.0213067927820151,avg_clustering_rel_change,seed004
19000,-0.0151574995079221,avg_clustering_rel_change,seed004
20000,0.0073318421995776,avg_clustering_rel_change,seed004
21000,-0.0118449157099153,avg_clustering_rel_change,seed004
22000,0.0296463469977259,avg_clustering_rel_change,seed004
23000,-0.0020903463152818,avg_clustering_rel_change,seed004
24000,-0.0015210470640978,avg_clustering_rel_change,seed004
25000,0.0015906625789436,avg_clustering_rel_change,seed004
26000,-0.0030421648381562,avg_clustering_rel_change,seed004
27000,-0.0010765276788878,avg_clustering_rel_change,seed004
28000,-0.0040604532919283,avg_clustering_rel_change,seed004
29000,-0.0035926280027641,avg_clustering_rel_change,seed004
30000,-8.094528076796337e-05,avg_clustering_rel_change,seed004
1000,0.9876689630110336,avg_clustering_rolling_avg,seed004
2000,0.9821437402657888,avg_clustering_rolling_avg,seed004
3000,0.9774124476747188,avg_clustering_rolling_avg,seed004
4000,0.975025554705194,avg_clustering_rolling_avg,seed004
5000,0.9707755244537432,avg_clustering_rolling_avg,seed004
6000,0.9702826223861388,avg_clustering_rolling_avg,seed004
7000,0.9664564075350198,avg_clustering_rolling_avg,seed004
8000,0.9705309592559946,avg_clustering_rolling_avg,seed004
9000,0.956640030231092,avg_clustering_rolling_avg,seed004
10000,0.9440642831819004,avg_clustering_rolling_avg,seed004
11000,0.9308010136025558,avg_clustering_rolling_avg,seed004
12000,0.93842322200021,avg_clustering_rolling_avg,seed004
13000,0.9489397436072046,avg_clustering_rolling_avg,seed004
14000,0.957293964446446,avg_clustering_rolling_avg,seed004
15000,0.966271655897182,avg_clustering_rolling_avg,seed004
16000,0.9725474034993888,avg_clustering_rolling_avg,seed004
17000,0.9807235471157532,avg_clustering_rolling_avg,seed004
18000,0.977486571159506,avg_clustering_rolling_avg,seed004
19000,0.9670141239925376,avg_clustering_rolling_avg,seed004
20000,0.9574593466623114,avg_clustering_rolling_avg,seed004
21000,0.9511272121443788,avg_clustering_rolling_avg,seed004
22000,0.9590175714212162,avg_clustering_rolling_avg,seed004
23000,0.9639069216392576,avg_clustering_rolling_avg,seed004
24000,0.9720829371977828,avg_clustering_rolling_avg,seed004
25000,0.9714260873645034,avg_clustering_rolling_avg,seed004
26000,0.970462233305166,avg_clustering_rolling_avg,seed004
27000,0.9696434258930048,avg_clustering_rolling_avg,seed004
28000,0.9669999602128528,avg_clustering_rolling_avg,seed004
29000,0.9641876483566434,avg_clustering_rolling_avg,seed004
30000,0.9616971390912809,avg_clustering_rolling_avg,seed004
1000,250.4313725490196,avg_degree,seed004
2000,246.03125,avg_degree,seed004
3000,242.2578125,avg_degree,seed004
4000,247.5078125,avg_degree,seed004
5000,239.1889763779528,avg_degree,seed004
6000,236.5803921568628,avg_degree,seed004
7000,241.9607843137255,avg_degree,seed004
8000,244.0944881889764,avg_degree,seed004
9000,206.08764940239044,avg_degree,seed004
10000,200.1606425702811,avg_degree,seed004
11000,213.32539682539684,avg_degree,seed004
12000,231.1529411764706,avg_degree,seed004
13000,236.71653543307087,avg_degree,seed004
14000,235.6,avg_degree,seed004
15000,245.49803921568628,avg_degree,seed004
16000,249.25,avg_degree,seed004
17000,250.890625,avg_degree,seed004
18000,237.9209486166008,avg_degree,seed004
19000,232.34782608695653,avg_degree,seed004
20000,229.95238095238096,avg_degree,seed004
21000,225.6600790513834,avg_degree,seed004
22000,239.74603174603172,avg_degree,seed004
23000,239.69721115537848,avg_degree,seed004
24000,238.08835341365463,avg_degree,seed004
25000,236.1693548387097,avg_degree,seed004
26000,235.4032258064516,avg_degree,seed004
27000,230.7550200803213,avg_degree,seed004
28000,230.304,avg_degree,seed004
29000,230.272,avg_degree,seed004
30000,227.768,avg_degree,seed004
1000,0.9859502856260616,density,seed004
2000,0.964828431372549,density,seed004
3000,0.950030637254902,density,seed004
4000,0.9706188725490196,density,seed004
5000,0.9454109738259002,density,seed004
6000,0.9314188667593022,density,seed004
7000,0.9526015130461634,density,seed004
8000,0.9648003485730292,density,seed004
9000,0.8243505976095618,density,seed004
10000,0.8070993652027465,density,seed004
11000,0.8499019793840511,density,seed004
12000,0.9100509495136636,density,seed004
13000,0.935638479972612,density,seed004
14000,0.9275590551181102,density,seed004
15000,0.9665277134475836,density,seed004
16000,0.9774509803921568,density,seed004
17000,0.9838848039215686,density,seed004
18000,0.9441307484785746,density,seed004
19000,0.9220151828847482,density,seed004
20000,0.9161449440333902,density,seed004
21000,0.8954765041721563,density,seed004
22000,0.95516347309176,density,seed004
23000,0.958788844621514,density,seed004
24000,0.960033683119575,density,seed004
25000,0.9561512341648164,density,seed004
26000,0.9530494971921116,density,seed004
27000,0.9304637906464568,density,seed004
28000,0.9249156626506024,density,seed004
29000,0.9247871485943776,density,seed004
30000,0.9147309236947792,density,seed004
1000,,density_delta,seed004
2000,-0.0211218542535124,density_delta,seed004
3000,-0.014797794117647,density_delta,seed004
4000,0.0205882352941175,density_delta,seed004
5000,-0.0252078987231193,density_delta,seed004
6000,-0.013992107066598,density_delta,seed004
7000,0.0211826462868611,density_delta,seed004
8000,0.0121988355268658,density_delta,seed004
9000,-0.1404497509634674,density_delta,seed004
10000,-0.0172512324068152,density_delta,seed004
11000,0.0428026141813046,density_delta,seed004
12000,0.0601489701296126,density_delta,seed004
13000,0.0255875304589483,density_delta,seed004
14000,-0.0080794248545018,density_delta,seed004
15000,0.0389686583294734,density_delta,seed004
16000,0.0109232669445731,density_delta,seed004
17000,0.0064338235294117,density_delta,seed004
18000,-0.039754055442994,density_delta,seed004
19000,-0.0221155655938264,density_delta,seed004
20000,-0.0058702388513579,density_delta,seed004
21000,-0.0206684398612339,density_delta,seed004
22000,0.0596869689196036,density_delta,seed004
23000,0.0036253715297539,density_delta,seed004
24000,0.0012448384980611,density_delta,seed004
25000,-0.0038824489547585,density_delta,seed004
26000,-0.0031017369727047,density_delta,seed004
27000,-0.0225857065456549,density_delta,seed004
28000,-0.0055481279958543,density_delta,seed004
29000,-0.0001285140562249,density_delta,seed004
30000,-0.0100562248995983,density_delta,seed004
1000,,density_rel_change,seed004
2000,-0.0214228390228624,density_rel_change,seed004
3000,-0.0153372285024767,density_rel_change,seed004
4000,0.0216711277371084,density_rel_change,seed004
5000,-0.0259709546517665,density_rel_change,seed004
6000,-0.0148000260775211,density_rel_change,seed004
7000,0.0227423418644741,density_rel_change,seed004
8000,0.0128058116219627,density_rel_change,seed004
9000,-0.1455739015550701,density_rel_change,seed004
10000,-0.0209270575612368,density_rel_change,seed004
11000,0.0530326450827431,density_rel_change,seed004
12000,0.0707716555422124,density_rel_change,seed004
13000,0.0281165911344001,density_rel_change,seed004
14000,-0.0086351994145627,density_rel_change,seed004
15000,0.042012051000366,density_rel_change,seed004
16000,0.0113015558608351,density_rel_change,seed004
17000,0.0065822467402207,density_rel_change,seed004
18000,-0.0404051930516076,density_rel_change,seed004
19000,-0.0234242615543076,density_rel_change,seed004
20000,-0.006366748574564,density_rel_change,seed004
21000,-0.0225602291382406,density_rel_change,seed004
22000,0.066653863771426,density_rel_change,seed004
23000,0.0037955508474576,density_rel_change,seed004
24000,0.0012983447868049,density_rel_change,seed004
25000,-0.0040440757684071,density_rel_change,seed004
26000,-0.0032439815605259,density_rel_change,seed004
27000,-0.023698356289151,density_rel_change,seed004
28000,-0.0059627554039471,density_rel_change,seed004
29000,-0.0001389467833819,density_rel_change,seed004
30000,-0.0108740967204001,density_rel_change,seed004
1000,0.9859502856260616,density_rolling_avg,seed004
2000,0.9753893584993052,density_rolling_avg,seed004
3000,0.9669364514178376,density_rolling_avg,seed004
4000,0.9618259803921568,density_rolling_avg,seed004
5000,0.955353494543274,density_rolling_avg,seed004
6000,0.9491495710447406,density_rolling_avg,seed004
7000,0.9431437845437886,density_rolling_avg,seed004
8000,0.9496069094594982,density_rolling_avg,seed004
9000,0.9139174864095848,density_rolling_avg,seed004
10000,0.8654167704617791,density_rolling_avg,seed004
11000,0.8271173140654531,density_rolling_avg,seed004
12000,0.8556840980334871,density_rolling_avg,seed004
13000,0.8985304696234424,density_rolling_avg,seed004
14000,0.9244161615347952,density_rolling_avg,seed004
15000,0.9432417495127688,density_rolling_avg,seed004
16000,0.9571792496526168,density_rolling_avg,seed004
17000,0.9759544992537698,density_rolling_avg,seed004
18000,0.9684888442641,density_rolling_avg,seed004
19000,0.9500102450949636,density_rolling_avg,seed004
20000,0.9274302917989043,density_rolling_avg,seed004
21000,0.9112122103634316,density_rolling_avg,seed004
22000,0.9222616404324354,density_rolling_avg,seed004
23000,0.93647627396181,density_rolling_avg,seed004
24000,0.9579953336109496,density_rolling_avg,seed004
25000,0.9583245873019686,density_rolling_avg,seed004
26000,0.9564114714921678,density_rolling_avg,seed004
27000,0.9465548406677948,density_rolling_avg,seed004
28000,0.9361429834963904,density_rolling_avg,seed004
29000,0.9267222006304788,density_rolling_avg,seed004
30000,0.9214779116465864,density_rolling_avg,seed004
1000,255.0,largest_component_size,seed004
2000,256.0,largest_component_size,seed004
3000,256.0,largest_component_size,seed004
4000,256.0,largest_component_size,seed004
5000,254.0,largest_component_size,seed004
6000,255.0,largest_component_size,seed004
7000,255.0,largest_component_size,seed004
8000,254.0,largest_component_size,seed004
9000,251.0,largest_component_size,seed004
10000,249.0,largest_component_size,seed004
11000,252.0,largest_component_size,seed004
12000,255.0,largest_component_size,seed004
13000,254.0,largest_component_size,seed004
14000,255.0,largest_component_size,seed004
15000,255.0,largest_component_size,seed004
16000,256.0,largest_component_size,seed004
17000,256.0,largest_component_size,seed004
18000,253.0,largest_component_size,seed004
19000,253.0,largest_component_size,seed004
20000,252.0,largest_component_size,seed004
21000,253.0,largest_component_size,seed004
22000,252.0,largest_component_size,seed004
23000,251.0,largest_component_size,seed004
24000,249.0,largest_component_size,seed004
25000,248.0,largest_component_size,seed004
26000,248.0,largest_component_size,seed004
27000,249.0,largest_component_size,seed004
28000,250.0,largest_component_size,seed004
29000,250.0,largest_component_size,seed004
30000,250.0,largest_component_size,seed004
1000,,largest_component_size_delta,seed004
2000,1.0,largest_component_size_delta,seed004
3000,0.0,largest_component_size_delta,seed004
4000,0.0,largest_component_size_delta,seed004
5000,-2.0,largest_component_size_delta,seed004
6000,1.0,largest_component_size_delta,seed004
7000,0.0,largest_component_size_delta,seed004
8000,-1.0,largest_component_size_delta,seed004
9000,-3.0,largest_component_size_delta,seed004
10000,-2.0,largest_component_size_delta,seed004
11000,3.0,largest_component_size_delta,seed004
12000,3.0,largest_component_size_delta,seed004
13000,-1.0,largest_component_size_delta,seed004
14000,1.0,largest_component_size_delta,seed004
15000,0.0,largest_component_size_delta,seed004
16000,1.0,largest_component_size_delta,seed004
17000,0.0,largest_component_size_delta,seed004
18000,-3.0,largest_component_size_delta,seed004
19000,0.0,largest_component_size_delta,seed004
20000,-1.0,largest_component_size_delta,seed004
21000,1.0,largest_component_size_delta,seed004
22000,-1.0,largest_component_size_delta,seed004
23000,-1.0,largest_component_size_delta,seed004
24000,-2.0,largest_component_size_delta,seed004
25000,-1.0,largest_component_size_delta,seed004
26000,0.0,largest_component_size_delta,seed004
27000,1.0,largest_component_size_delta,seed004
28000,1.0,largest_component_size_delta,seed004
29000,0.0,largest_component_size_delta,seed004
30000,0.0,largest_component_size_delta,seed004
1000,,largest_component_size_rel_change,seed004
2000,0.0039215686274509,largest_component_size_rel_change,seed004
3000,0.0,largest_component_size_rel_change,seed004
4000,0.0,largest_component_size_rel_change,seed004
5000,-0.0078125,largest_component_size_rel_change,seed004
6000,0.0039370078740157,largest_component_size_rel_change,seed004
7000,0.0,largest_component_size_rel_change,seed004
8000,-0.0039215686274509,largest_component_size_rel_change,seed004
9000,-0.0118110236220472,largest_component_size_rel_change,seed004
10000,-0.0079681274900398,largest_component_size_rel_change,seed004
11000,0.0120481927710842,largest_component_size_rel_change,seed004
12000,0.0119047619047618,largest_component_size_rel_change,seed004
13000,-0.0039215686274509,largest_component_size_rel_change,seed004
14000,0.0039370078740157,largest_component_size_rel_change,seed004
15000,0.0,largest_component_size_rel_change,seed004
16000,0.0039215686274509,largest_component_size_rel_change,seed004
17000,0.0,largest_component_size_rel_change,seed004
18000,-0.01171875,largest_component_size_rel_change,seed004
19000,0.0,largest_component_size_rel_change,seed004
20000,-0.0039525691699604,largest_component_size_rel_change,seed004
21000,0.0039682539682539,largest_component_size_rel_change,seed004
22000,-0.0039525691699604,largest_component_size_rel_change,seed004
23000,-0.0039682539682539,largest_component_size_rel_change,seed004
24000,-0.0079681274900398,largest_component_size_rel_change,seed004
25000,-0.0040160642570281,largest_component_size_rel_change,seed004
26000,0.0,largest_component_size_rel_change,seed004
27000,0.0040322580645162,largest_component_size_rel_change,seed004
28000,0.0040160642570281,largest_component_size_rel_change,seed004
29000,0.0,largest_component_size_rel_change,seed004
30000,0.0,largest_component_size_rel_change,seed004
1000,254.0,max_degree,seed004
2000,254.0,max_degree,seed004
3000,254.0,max_degree,seed004
4000,254.0,max_degree,seed004
5000,252.0,max_degree,seed004
6000,250.0,max_degree,seed004
7000,253.0,max_degree,seed004
8000,252.0,max_degree,seed004
9000,237.0,max_degree,seed004
10000,235.0,max_degree,seed004
11000,241.0,max_degree,seed004
12000,251.0,max_degree,seed004
13000,250.0,max_degree,seed004
14000,250.0,max_degree,seed004
15000,254.0,max_degree,seed004
16000,255.0,max_degree,seed004
17000,255.0,max_degree,seed004
18000,250.0,max_degree,seed004
19000,251.0,max_degree,seed004
20000,247.0,max_degree,seed004
21000,248.0,max_degree,seed004
22000,250.0,max_degree,seed004
23000,249.0,max_degree,seed004
24000,248.0,max_degree,seed004
25000,246.0,max_degree,seed004
26000,246.0,max_degree,seed004
27000,245.0,max_degree,seed004
28000,247.0,max_degree,seed004
29000,246.0,max_degree,seed004
30000,244.0,max_degree,seed004
1000,0.0,modularity,seed004
2000,0.0003886863584822,modularity,seed004
3000,0.0004324893919835,modularity,seed004
4000,0.0014048839343492,modularity,seed004
5000,0.0,modularity,seed004
6000,0.0,modularity,seed004
7000,0.0,modularity,seed004
8000,0.0,modularity,seed004
9000,0.0,modularity,seed004
10000,0.0,modularity,seed004
11000,0.0,modularity,seed004
12000,0.0,modularity,seed004
13000,0.0,modularity,seed004
14000,0.0,modularity,seed004
15000,0.0,modularity,seed004
16000,0.0013081963325534,modularity,seed004
17000,0.0006838783056386,modularity,seed004
18000,0.0,modularity,seed004
19000,0.0,modularity,seed004
20000,0.0,modularity,seed004
21000,0.0,modularity,seed004
22000,0.0,modularity,seed004
23000,0.0,modularity,seed004
24000,0.0,modularity,seed004
25000,0.0,modularity,seed004
26000,0.0,modularity,seed004
27000,0.0,modularity,seed004
28000,0.0,modularity,seed004
29000,0.0,modularity,seed004
30000,0.0,modularity,seed004
1000,1.0,num_components,seed004
2000,1.0,num_components,seed004
3000,1.0,num_components,seed004
4000,1.0,num_components,seed004
5000,1.0,num_components,seed004
6000,1.0,num_components,seed004
7000,1.0,num_components,seed004
8000,1.0,num_components,seed004
9000,1.0,num_components,seed004
10000,1.0,num_components,seed004
11000,1.0,num_components,seed004
12000,1.0,num_components,seed004
13000,1.0,num_components,seed004
14000,1.0,num_components,seed004
15000,1.0,num_components,seed004
16000,1.0,num_components,seed004
17000,1.0,num_components,seed004
18000,1.0,num_components,seed004
19000,1.0,num_components,seed004
20000,1.0,num_components,seed004
21000,1.0,num_components,seed004
22000,1.0,num_components,seed004
23000,1.0,num_components,seed004
24000,1.0,num_components,seed004
25000,1.0,num_components,seed004
26000,1.0,num_components,seed004
27000,1.0,num_components,seed004
28000,1.0,num_components,seed004
29000,1.0,num_components,seed004
30000,1.0,num_components,seed004
1000,31930.0,num_edges,seed004
2000,31492.0,num_edges,seed004
3000,31009.0,num_edges,seed004
4000,31681.0,num_edges,seed004
5000,30377.0,num_edges,seed004
6000,30164.0,num_edges,seed004
7000,30850.0,num_edges,seed004
8000,31000.0,num_edges,seed004
9000,25864.0,num_edges,seed004
10000,24920.0,num_edges,seed004
11000,26879.0,num_edges,seed004
12000,29472.0,num_edges,seed004
13000,30063.0,num_edges,seed004
14000,30039.0,num_edges,seed004
15000,31301.0,num_edges,seed004
16000,31904.0,num_edges,seed004
17000,32114.0,num_edges,seed004
18000,30097.0,num_edges,seed004
19000,29392.0,num_edges,seed004
20000,28974.0,num_edges,seed004
21000,28546.0,num_edges,seed004
22000,30208.0,num_edges,seed004
23000,30082.0,num_edges,seed004
24000,29642.0,num_edges,seed004
25000,29285.0,num_edges,seed004
26000,29190.0,num_edges,seed004
27000,28729.0,num_edges,seed004
28000,28788.0,num_edges,seed004
29000,28784.0,num_edges,seed004
30000,28471.0,num_edges,seed004
1000,,num_edges_delta,seed004
2000,-438.0,num_edges_delta,seed004
3000,-483.0,num_edges_delta,seed004
4000,672.0,num_edges_delta,seed004
5000,-1304.0,num_edges_delta,seed004
6000,-213.0,num_edges_delta,seed004
7000,686.0,num_edges_delta,seed004
8000,150.0,num_edges_delta,seed004
9000,-5136.0,num_edges_delta,seed004
10000,-944.0,num_edges_delta,seed004
11000,1959.0,num_edges_delta,seed004
12000,2593.0,num_edges_delta,seed004
13000,591.0,num_edges_delta,seed004
14000,-24.0,num_edges_delta,seed004
15000,1262.0,num_edges_delta,seed004
16000,603.0,num_edges_delta,seed004
17000,210.0,num_edges_delta,seed004
18000,-2017.0,num_edges_delta,seed004
19000,-705.0,num_edges_delta,seed004
20000,-418.0,num_edges_delta,seed004
21000,-428.0,num_edges_delta,seed004
22000,1662.0,num_edges_delta,seed004
23000,-126.0,num_edges_delta,seed004
24000,-440.0,num_edges_delta,seed004
25000,-357.0,num_edges_delta,seed004
26000,-95.0,num_edges_delta,seed004
27000,-461.0,num_edges_delta,seed004
28000,59.0,num_edges_delta,seed004
29000,-4.0,num_edges_delta,seed004
30000,-313.0,num_edges_delta,seed004
1000,,num_edges_rel_change,seed004
2000,-0.0137175070466646,num_edges_rel_change,seed004
3000,-0.0153372285024768,num_edges_rel_change,seed004
4000,0.0216711277371086,num_edges_rel_change,seed004
5000,-0.0411603169091884,num_edges_rel_change,seed004
6000,-0.0070118839911775,num_edges_rel_change,seed004
7000,0.0227423418644741,num_edges_rel_change,seed004
8000,0.0048622366288493,num_edges_rel_change,seed004
9000,-0.1656774193548387,num_edges_rel_change,seed004
10000,-0.0364986081039282,num_edges_rel_change,seed004
11000,0.0786115569823435,num_edges_rel_change,seed004
12000,0.0964693626995052,num_edges_rel_change,seed004
13000,0.0200529315960911,num_edges_rel_change,seed004
14000,-0.0007983235206067,num_edges_rel_change,seed004
15000,0.042012051000366,num_edges_rel_change,seed004
16000,0.0192645602376921,num_edges_rel_change,seed004
17000,0.0065822467402205,num_edges_rel_change,seed004
18000,-0.0628074982873513,num_edges_rel_change,seed004
19000,-0.0234242615543077,num_edges_rel_change,seed004
20000,-0.0142215568862275,num_edges_rel_change,seed004
21000,-0.0147718644301787,num_edges_rel_change,seed004
22000,0.0582218174175015,num_edges_rel_change,seed004
23000,-0.0041710805084745,num_edges_rel_change,seed004
24000,-0.0146266870553819,num_edges_rel_change,seed004
25000,-0.0120437217461709,num_edges_rel_change,seed004
26000,-0.0032439815605258,num_edges_rel_change,seed004
27000,-0.0157930798218568,num_edges_rel_change,seed004
28000,0.0020536739879564,num_edges_rel_change,seed004
29000,-0.0001389467833819,num_edges_rel_change,seed004
30000,-0.0108740967204001,num_edges_rel_change,seed004
1000,255.0,num_nodes,seed004
2000,256.0,num_nodes,seed004
3000,256.0,num_nodes,seed004
4000,256.0,num_nodes,seed004
5000,254.0,num_nodes,seed004
6000,255.0,num_nodes,seed004
7000,255.0,num_nodes,seed004
8000,254.0,num_nodes,seed004
9000,251.0,num_nodes,seed004
10000,249.0,num_nodes,seed004
11000,252.0,num_nodes,seed004
12000,255.0,num_nodes,seed004
13000,254.0,num_nodes,seed004
14000,255.0,num_nodes,seed004
15000,255.0,num_nodes,seed004
16000,256.0,num_nodes,seed004
17000,256.0,num_nodes,seed004
18000,253.0,num_nodes,seed004
19000,253.0,num_nodes,seed004
20000,252.0,num_nodes,seed004
21000,253.0,num_nodes,seed004
22000,252.0,num_nodes,seed004
23000,251.0,num_nodes,seed004
24000,249.0,num_nodes,seed004
25000,248.0,num_nodes,seed004
26000,248.0,num_nodes,seed004
27000,249.0,num_nodes,seed004
28000,250.0,num_nodes,seed004
29000,250.0,num_nodes,seed004
30000,250.0,num_nodes,seed004
1000,0.7542710155248642,sae_sparsity,seed004
2000,0.7447829395532608,sae_sparsity,seed004
3000,0.7083545476198196,sae_sparsity,seed004
4000,0.7082239389419556,sae_sparsity,seed004
5000,0.681854635477066,sae_sparsity,seed004
6000,0.6727721095085144,sae_sparsity,seed004
7000,0.6862854808568954,sae_sparsity,seed004
8000,0.7145864516496658,sae_sparsity,seed004
9000,0.584405705332756,sae_sparsity,seed004
10000,0.6083934456110001,sae_sparsity,seed004
11000,0.6221683174371719,sae_sparsity,seed004
12000,0.6500515043735504,sae_sparsity,seed004
13000,0.6800610721111298,sae_sparsity,seed004
14000,0.666871964931488,sae_sparsity,seed004
15000,0.7120704650878906,sae_sparsity,seed004
16000,0.7246187180280685,sae_sparsity,seed004
17000,0.7361909300088882,sae_sparsity,seed004
18000,0.6736807972192764,sae_sparsity,seed004
19000,0.6509227156639099,sae_sparsity,seed004
20000,0.6657421439886093,sae_sparsity,seed004
21000,0.6680716127157211,sae_sparsity,seed004
22000,0.6647946536540985,sae_sparsity,seed004
23000,0.6664798408746719,sae_sparsity,seed004
24000,0.6663642078638077,sae_sparsity,seed004
25000,0.673265129327774,sae_sparsity,seed004
26000,0.6735309660434723,sae_sparsity,seed004
27000,0.6719298511743546,sae_sparsity,seed004
28000,0.6694286018610001,sae_sparsity,seed004
29000,0.6638142764568329,sae_sparsity,seed004
30000,0.6622605174779892,sae_sparsity,seed004
1000,0.0630977683315621,test_acc,seed004
2000,0.0787725823591923,test_acc,seed004
3000,0.0860786397449521,test_acc,seed004
4000,0.0240435706695005,test_acc,seed004
5000,0.048087141339001,test_acc,seed004
6000,0.0553931987247608,test_acc,seed004
7000,0.0580499468650371,test_acc,seed004
8000,0.0626992561105207,test_acc,seed004
9000,0.0437035069075451,test_acc,seed004
10000,0.0484856535600425,test_acc,seed004
11000,0.055260361317747,test_acc,seed004
12000,0.0605738575982996,test_acc,seed004
13000,0.0632306057385759,test_acc,seed004
14000,0.0573857598299681,test_acc,seed004
15000,0.0649574920297555,test_acc,seed004
16000,0.0721307120085015,test_acc,seed004
17000,0.078241232731137,test_acc,seed004
18000,0.1353613177470775,test_acc,seed004
19000,0.1579436769394261,test_acc,seed004
20000,0.1794633368756641,test_acc,seed004
21000,0.2130712008501594,test_acc,seed004
22000,0.8516206163655685,test_acc,seed004
23000,0.848432518597237,test_acc,seed004
24000,0.845510095642933,test_acc,seed004
25000,0.8372741764080766,test_acc,seed004
26000,0.8285069075451648,test_acc,seed004
27000,0.8148246546227418,test_acc,seed004
28000,0.803134962805526,test_acc,seed004
29000,0.7915781083953242,test_acc,seed004
30000,0.7780286928799149,test_acc,seed004
1000,0.0630977683315621,test_acc_rolling_avg,seed004
2000,0.0709351753453772,test_acc_rolling_avg,seed004
3000,0.0759829968119022,test_acc_rolling_avg,seed004
4000,0.0629649309245483,test_acc_rolling_avg,seed004
5000,0.0527364505844845,test_acc_rolling_avg,seed004
6000,0.0425079702444208,test_acc_rolling_avg,seed004
7000,0.0538434289762663,test_acc_rolling_avg,seed004
8000,0.0587141339001062,test_acc_rolling_avg,seed004
9000,0.0548175699610343,test_acc_rolling_avg,seed004
10000,0.0516294721927028,test_acc_rolling_avg,seed004
11000,0.0491498405951115,test_acc_rolling_avg,seed004
12000,0.054773290825363,test_acc_rolling_avg,seed004
13000,0.0596882748848742,test_acc_rolling_avg,seed004
14000,0.0603967410556146,test_acc_rolling_avg,seed004
15000,0.0618579525327665,test_acc_rolling_avg,seed004
16000,0.0648246546227417,test_acc_rolling_avg,seed004
17000,0.0717764789231314,test_acc_rolling_avg,seed004
18000,0.0952444208289054,test_acc_rolling_avg,seed004
19000,0.1238487424725469,test_acc_rolling_avg,seed004
20000,0.1575894438540559,test_acc_rolling_avg,seed004
21000,0.1834927382217499,test_acc_rolling_avg,seed004
22000,0.4147183846971307,test_acc_rolling_avg,seed004
23000,0.637708111937655,test_acc_rolling_avg,seed004
24000,0.8485210768685795,test_acc_rolling_avg,seed004
25000,0.8437389302160822,test_acc_rolling_avg,seed004
26000,0.8370970598653914,test_acc_rolling_avg,seed004
27000,0.8268685795253278,test_acc_rolling_avg,seed004
28000,0.8154888416578109,test_acc_rolling_avg,seed004
29000,0.8031792419411974,test_acc_rolling_avg,seed004
30000,0.790913921360255,test_acc_rolling_avg,seed004
1000,1.0,train_acc,seed004
2000,1.0,train_acc,seed004
3000,1.0,train_acc,seed004
4000,0.9723551302498672,train_acc,seed004
5000,1.0,train_acc,seed004
6000,1.0,train_acc,seed004
7000,1.0,train_acc,seed004
8000,1.0,train_acc,seed004
9000,1.0,train_acc,seed004
10000,1.0,train_acc,seed004
11000,1.0,train_acc,seed004
12000,1.0,train_acc,seed004
13000,1.0,train_acc,seed004
14000,1.0,train_acc,seed004
15000,1.0,train_acc,seed004
16000,1.0,train_acc,seed004
17000,1.0,train_acc,seed004
18000,1.0,train_acc,seed004
19000,1.0,train_acc,seed004
20000,1.0,train_acc,seed004
21000,1.0,train_acc,seed004
22000,1.0,train_acc,seed004
23000,1.0,train_acc,seed004
24000,1.0,train_acc,seed004
25000,1.0,train_acc,seed004
26000,1.0,train_acc,seed004
27000,1.0,train_acc,seed004
28000,1.0,train_acc,seed004
29000,1.0,train_acc,seed004
30000,1.0,train_acc,seed004
1000,0.0630977683315621,val_acc,seed004
2000,0.0787725823591923,val_acc,seed004
3000,0.0860786397449521,val_acc,seed004
4000,0.0240435706695005,val_acc,seed004
5000,0.048087141339001,val_acc,seed004
6000,0.0553931987247608,val_acc,seed004
7000,0.0580499468650371,val_acc,seed004
8000,0.0626992561105207,val_acc,seed004
9000,0.0437035069075451,val_acc,seed004
10000,0.0484856535600425,val_acc,seed004
11000,0.055260361317747,val_acc,seed004
12000,0.0605738575982996,val_acc,seed004
13000,0.0632306057385759,val_acc,seed004
14000,0.0573857598299681,val_acc,seed004
15000,0.0649574920297555,val_acc,seed004
16000,0.0721307120085015,val_acc,seed004
17000,0.078241232731137,val_acc,seed004
18000,0.1353613177470775,val_acc,seed004
19000,0.1579436769394261,val_acc,seed004
20000,0.1794633368756641,val_acc,seed004
21000,0.2130712008501594,val_acc,seed004
22000,0.8516206163655685,val_acc,seed004
23000,0.848432518597237,val_acc,seed004
24000,0.845510095642933,val_acc,seed004
25000,0.8372741764080766,val_acc,seed004
26000,0.8285069075451648,val_acc,seed004
27000,0.8148246546227418,val_acc,seed004
28000,0.803134962805526,val_acc,seed004
29000,0.7915781083953242,val_acc,seed004
30000,0.7780286928799149,val_acc,seed004
1000,0.9848966985873836,avg_clustering,seed005
2000,0.9802915959509624,avg_clustering,seed005
3000,0.9701352221946437,avg_clustering,seed005
4000,0.9835345807174812,avg_clustering,seed005
5000,0.9708370095392987,avg_clustering,seed005
6000,0.969370406341042,avg_clustering,seed005
7000,0.9709553505782532,avg_clustering,seed005
8000,0.971861927459774,avg_clustering,seed005
9000,0.9298612716830824,avg_clustering,seed005
10000,0.9395537569216276,avg_clustering,seed005
11000,0.94184375752113,avg_clustering,seed005
12000,0.9572296204138048,avg_clustering,seed005
13000,0.9741518467998636,avg_clustering,seed005
14000,0.9592063482508256,avg_clustering,seed005
15000,0.9721976971901208,avg_clustering,seed005
16000,0.9784960307382168,avg_clustering,seed005
17000,0.98384396356848,avg_clustering,seed005
18000,0.9751097775071575,avg_clustering,seed005
19000,0.966102439304214,avg_clustering,seed005
20000,0.9630273438012652,avg_clustering,seed005
21000,0.9591780766991468,avg_clustering,seed005
22000,0.9697961596921756,avg_clustering,seed005
23000,0.9680160639847109,avg_clustering,seed005
24000,0.9667009519260268,avg_clustering,seed005
25000,0.9656342013743668,avg_clustering,seed005
26000,0.9643639532774826,avg_clustering,seed005
27000,0.9621907020558708,avg_clustering,seed005
28000,0.958895018640328,avg_clustering,seed005
29000,0.96061202696952,avg_clustering,seed005
30000,0.9578455198168848,avg_clustering,seed005
1000,,avg_clustering_delta,seed005
2000,-0.0046051026364214,avg_clustering_delta,seed005
3000,-0.0101563737563187,avg_clustering_delta,seed005
4000,0.0133993585228375,avg_clustering_delta,seed005
5000,-0.0126975711781823,avg_clustering_delta,seed005
6000,-0.0014666031982567,avg_clustering_delta,seed005
7000,0.0015849442372112,avg_clustering_delta,seed005
8000,0.0009065768815208,avg_clustering_delta,seed005
9000,-0.0420006557766916,avg_clustering_delta,seed005
10000,0.0096924852385451,avg_clustering_delta,seed005
11000,0.0022900005995025,avg_clustering_delta,seed005
12000,0.0153858628926746,avg_clustering_delta,seed005
13000,0.0169222263860588,avg_clustering_delta,seed005
14000,-0.0149454985490381,avg_clustering_delta,seed005
15000,0.0129913489392953,avg_clustering_delta,seed005
16000,0.0062983335480958,avg_clustering_delta,seed005
17000,0.0053479328302633,avg_clustering_delta,seed005
18000,-0.0087341860613224,avg_clustering_delta,seed005
19000,-0.0090073382029435,avg_clustering_delta,seed005
20000,-0.0030750955029487,avg_clustering_delta,seed005
21000,-0.0038492671021186,avg_clustering_delta,seed005
22000,0.0106180829930287,avg_clustering_delta,seed005
23000,-0.0017800957074646,avg_clustering_delta,seed005
24000,-0.001315112058684,avg_clustering_delta,seed005
25000,-0.0010667505516599,avg_clustering_delta,seed005
26000,-0.0012702480968842,avg_clustering_delta,seed005
27000,-0.0021732512216117,avg_clustering_delta,seed005
28000,-0.0032956834155429,avg_clustering_delta,seed005
29000,0.001717008329192,avg_clustering_delta,seed005
30000,-0.0027665071526352,avg_clustering_delta,seed005
1000,,avg_clustering_rel_change,seed005
2000,-0.0046757214670598,avg_clustering_rel_change,seed005
3000,-0.0103605639365562,avg_clustering_rel_change,seed005
4000,0.0138118462419347,avg_clustering_rel_change,seed005
5000,-0.0129101420805353,avg_clustering_rel_change,seed005
6000,-0.0015106585182127,avg_clustering_rel_change,seed005
7000,0.0016350243692642,avg_clustering_rel_change,seed005
8000,0.0009336957471637,avg_clustering_rel_change,seed005
9000,-0.0432166901387647,avg_clustering_rel_change,seed005
10000,0.0104235820263827,avg_clustering_rel_change,seed005
11000,0.0024373279151217,avg_clustering_rel_change,seed005
12000,0.0163358972969882,avg_clustering_rel_change,seed005
13000,0.0176783355061072,avg_clustering_rel_change,seed005
14000,-0.0153420625317652,avg_clustering_rel_change,seed005
15000,0.0135438521262769,avg_clustering_rel_change,seed005
16000,0.0064784493589107,avg_clustering_rel_change,seed005
17000,0.0054654619561702,avg_clustering_rel_change,seed005
18000,-0.0088776131020237,avg_clustering_rel_change,seed005
19000,-0.0092372555487757,avg_clustering_rel_change,seed005
20000,-0.0031829911382517,avg_clustering_rel_change,seed005
21000,-0.0039970486060393,avg_clustering_rel_change,seed005
22000,0.0110699809044523,avg_clustering_rel_change,seed005
23000,-0.001835535941934,avg_clustering_rel_change,seed005
24000,-0.0013585642920744,avg_clustering_rel_change,seed005
25000,-0.0011034959151892,avg_clustering_rel_change,seed005
26000,-0.0013154547499212,avg_clustering_rel_change,seed005
27000,-0.0022535591611712,avg_clustering_rel_change,seed005
28000,-0.0034251873443603,avg_clustering_rel_change,seed005
29000,0.0017906113764432,avg_clustering_rel_change,seed005
30000,-0.0028799422399101,avg_clustering_rel_change,seed005
1000,0.9848966985873836,avg_clustering_rolling_avg,seed005
2000,0.982594147269173,avg_clustering_rolling_avg,seed005
3000,0.97844117224433,avg_clustering_rolling_avg,seed005
4000,0.9779871329543623,avg_clustering_rolling_avg,seed005
5000,0.9748356041504744,avg_clustering_rolling_avg,seed005
6000,0.9745806655326072,avg_clustering_rolling_avg,seed005
7000,0.9703875888195314,avg_clustering_rolling_avg,seed005
8000,0.9707292281263564,avg_clustering_rolling_avg,seed005
9000,0.9575595165737032,avg_clustering_rolling_avg,seed005
10000,0.9470923186881612,avg_clustering_rolling_avg,seed005
11000,0.9370862620419468,avg_clustering_rolling_avg,seed005
12000,0.9462090449521874,avg_clustering_rolling_avg,seed005
13000,0.9577417415782662,avg_clustering_rolling_avg,seed005
14000,0.963529271821498,avg_clustering_rolling_avg,seed005
15000,0.9685186307469366,avg_clustering_rolling_avg,seed005
16000,0.969966692059721,avg_clustering_rolling_avg,seed005
17000,0.9781792304989392,avg_clustering_rolling_avg,seed005
18000,0.9791499239379514,avg_clustering_rolling_avg,seed005
19000,0.9750187267932838,avg_clustering_rolling_avg,seed005
20000,0.9680798535375456,avg_clustering_rolling_avg,seed005
21000,0.962769286601542,avg_clustering_rolling_avg,seed005
22000,0.9640005267308625,avg_clustering_rolling_avg,seed005
23000,0.9656634334586776,avg_clustering_rolling_avg,seed005
24000,0.9681710585343044,avg_clustering_rolling_avg,seed005
25000,0.9667837390950348,avg_clustering_rolling_avg,seed005
26000,0.965566368859292,avg_clustering_rolling_avg,seed005
27000,0.9640629522359068,avg_clustering_rolling_avg,seed005
28000,0.9618165579912272,avg_clustering_rolling_avg,seed005
29000,0.9605659158885728,avg_clustering_rolling_avg,seed005
30000,0.9591175218089107,avg_clustering_rolling_avg,seed005
1000,247.3828125,avg_degree,seed005
2000,248.5703125,avg_degree,seed005
3000,243.265625,avg_degree,seed005
4000,249.7578125,avg_degree,seed005
5000,236.478431372549,avg_degree,seed005
6000,238.3952569169961,avg_degree,seed005
7000,239.17131474103584,avg_degree,seed005
8000,238.19762845849803,avg_degree,seed005
9000,213.288,avg_degree,seed005
10000,212.37751004016064,avg_degree,seed005
11000,219.23694779116465,avg_degree,seed005
12000,232.27091633466136,avg_degree,seed005
13000,242.4189723320158,avg_degree,seed005
14000,238.4765625,avg_degree,seed005
15000,246.3515625,avg_degree,seed005
16000,248.421875,avg_degree,seed005
17000,250.1953125,avg_degree,seed005
18000,241.8188976377953,avg_degree,seed005
19000,238.5703125,avg_degree,seed005
20000,238.1889763779528,avg_degree,seed005
21000,233.3913043478261,avg_degree,seed005
22000,241.68503937007875,avg_degree,seed005
23000,239.7075098814229,avg_degree,seed005
24000,237.73809523809524,avg_degree,seed005
25000,236.3095238095238,avg_degree,seed005
26000,232.5079365079365,avg_degree,seed005
27000,229.16334661354583,avg_degree,seed005
28000,230.024,avg_degree,seed005
29000,229.504,avg_degree,seed005
30000,229.5139442231076,avg_degree,seed005
1000,0.9701286764705882,density,seed005
2000,0.9747855392156862,density,seed005
3000,0.9539828431372548,density,seed005
4000,0.9794424019607844,density,seed005
5000,0.9310174463486182,density,seed005
6000,0.9460129242737938,density,seed005
7000,0.9566852589641436,density,seed005
8000,0.9452286843591192,density,seed005
9000,0.856578313253012,density,seed005
10000,0.8563609275812929,density,seed005
11000,0.8840199507708253,density,seed005
12000,0.9290836653386454,density,seed005
13000,0.9619800489365706,density,seed005
14000,0.9352022058823528,density,seed005
15000,0.9660845588235294,density,seed005
16000,0.9742034313725492,density,seed005
17000,0.9811580882352942,density,seed005
18000,0.9558059195169774,density,seed005
19000,0.9355698529411764,density,seed005
20000,0.9414584046559398,density,seed005
21000,0.9261559696342304,density,seed005
22000,0.9552768354548566,density,seed005
23000,0.9512202773072338,density,seed005
24000,0.9471637260481882,density,seed005
25000,0.9414722064124454,density,seed005
26000,0.9263264402706634,density,seed005
27000,0.9166533864541832,density,seed005
28000,0.9237911646586344,density,seed005
29000,0.92170281124498,density,seed005
30000,0.9180557768924302,density,seed005
1000,,density_delta,seed005
2000,0.004656862745098,density_delta,seed005
3000,-0.0208026960784313,density_delta,seed005
4000,0.0254595588235294,density_delta,seed005
5000,-0.0484249556121662,density_delta,seed005
6000,0.0149954779251756,density_delta,seed005
7000,0.0106723346903496,density_delta,seed005
8000,-0.0114565746050243,density_delta,seed005
9000,-0.088650371106107,density_delta,seed005
10000,-0.0002173856717191,density_delta,seed005
11000,0.0276590231895323,density_delta,seed005
12000,0.0450637145678201,density_delta,seed005
13000,0.0328963835979252,density_delta,seed005
14000,-0.0267778430542177,density_delta,seed005
15000,0.0308823529411764,density_delta,seed005
16000,0.0081188725490196,density_delta,seed005
17000,0.0069546568627451,density_delta,seed005
18000,-0.0253521687183168,density_delta,seed005
19000,-0.0202360665758009,density_delta,seed005
20000,0.0058885517147633,density_delta,seed005
21000,-0.0153024350217092,density_delta,seed005
22000,0.0291208658206261,density_delta,seed005
23000,-0.0040565581476228,density_delta,seed005
24000,-0.0040565512590455,density_delta,seed005
25000,-0.0056915196357427,density_delta,seed005
26000,-0.015145766141782,density_delta,seed005
27000,-0.00967305381648,density_delta,seed005
28000,0.0071377782044512,density_delta,seed005
29000,-0.0020883534136546,density_delta,seed005
30000,-0.0036470343525496,density_delta,seed005
1000,,density_rel_change,seed005
2000,0.004800252644876,density_rel_change,seed005
3000,-0.0213407926580129,density_rel_change,seed005
4000,0.0266876485323399,density_rel_change,seed005
5000,-0.049441351033223,density_rel_change,seed005
6000,0.0161065487913107,density_rel_change,seed005
7000,0.0112813836011196,density_rel_change,seed005
8000,-0.0119752807913325,density_rel_change,seed005
9000,-0.0937872205668551,density_rel_change,seed005
10000,-0.0002537837677603,density_rel_change,seed005
11000,0.0322983245716879,density_rel_change,seed005
12000,0.0509759022163771,density_rel_change,seed005
13000,0.0354073425517977,density_rel_change,seed005
14000,-0.0278361729890547,density_rel_change,seed005
15000,0.0330221130221131,density_rel_change,seed005
16000,0.0084038943329212,density_rel_change,seed005
17000,0.0071388137618717,density_rel_change,seed005
18000,-0.0258390253541251,density_rel_change,seed005
19000,-0.0211717317947008,density_rel_change,seed005
20000,0.0062940802295534,density_rel_change,seed005
21000,-0.0162539682539683,density_rel_change,seed005
22000,0.0314427232295733,density_rel_change,seed005
23000,-0.0042464738985231,density_rel_change,seed005
24000,-0.0042645760985342,density_rel_change,seed005
25000,-0.0060090135202804,density_rel_change,seed005
26000,-0.0160873215785054,density_rel_change,seed005
27000,-0.0104423812124522,density_rel_change,seed005
28000,0.0077867799431383,density_rel_change,seed005
29000,-0.0022606336730081,density_rel_change,seed005
30000,-0.0039568441237837,density_rel_change,seed005
1000,0.9701286764705882,density_rolling_avg,seed005
2000,0.9724571078431372,density_rolling_avg,seed005
3000,0.9662990196078431,density_rolling_avg,seed005
4000,0.9694035947712418,density_rolling_avg,seed005
5000,0.9548142304822193,density_rolling_avg,seed005
6000,0.9521575908610654,density_rolling_avg,seed005
7000,0.9445718765288516,density_rolling_avg,seed005
8000,0.9493089558656856,density_rolling_avg,seed005
9000,0.919497418858758,density_rolling_avg,seed005
10000,0.8860559750644746,density_rolling_avg,seed005
11000,0.8656530638683767,density_rolling_avg,seed005
12000,0.8898215145635878,density_rolling_avg,seed005
13000,0.9250278883486804,density_rolling_avg,seed005
14000,0.942088640052523,density_rolling_avg,seed005
15000,0.9544222712141508,density_rolling_avg,seed005
16000,0.9584967320261438,density_rolling_avg,seed005
17000,0.9738153594771244,density_rolling_avg,seed005
18000,0.97038914637494,density_rolling_avg,seed005
19000,0.957511286897816,density_rolling_avg,seed005
20000,0.9442780590380312,density_rolling_avg,seed005
21000,0.9343947424104488,density_rolling_avg,seed005
22000,0.9409637365816756,density_rolling_avg,seed005
23000,0.944217694132107,density_rolling_avg,seed005
24000,0.9512202796034264,density_rolling_avg,seed005
25000,0.9466187365892892,density_rolling_avg,seed005
26000,0.9383207909104324,density_rolling_avg,seed005
27000,0.9281506777124306,density_rolling_avg,seed005
28000,0.922256997127827,density_rolling_avg,seed005
29000,0.9207157874525992,density_rolling_avg,seed005
30000,0.9211832509320148,density_rolling_avg,seed005
1000,256.0,largest_component_size,seed005
2000,256.0,largest_component_size,seed005
3000,256.0,largest_component_size,seed005
4000,256.0,largest_component_size,seed005
5000,255.0,largest_component_size,seed005
6000,253.0,largest_component_size,seed005
7000,251.0,largest_component_size,seed005
8000,253.0,largest_component_size,seed005
9000,250.0,largest_component_size,seed005
10000,249.0,largest_component_size,seed005
11000,249.0,largest_component_size,seed005
12000,251.0,largest_component_size,seed005
13000,253.0,largest_component_size,seed005
14000,256.0,largest_component_size,seed005
15000,256.0,largest_component_size,seed005
16000,256.0,largest_component_size,seed005
17000,256.0,largest_component_size,seed005
18000,254.0,largest_component_size,seed005
19000,256.0,largest_component_size,seed005
20000,254.0,largest_component_size,seed005
21000,253.0,largest_component_size,seed005
22000,254.0,largest_component_size,seed005
23000,253.0,largest_component_size,seed005
24000,252.0,largest_component_size,seed005
25000,252.0,largest_component_size,seed005
26000,252.0,largest_component_size,seed005
27000,251.0,largest_component_size,seed005
28000,250.0,largest_component_size,seed005
29000,250.0,largest_component_size,seed005
30000,251.0,largest_component_size,seed005
1000,,largest_component_size_delta,seed005
2000,0.0,largest_component_size_delta,seed005
3000,0.0,largest_component_size_delta,seed005
4000,0.0,largest_component_size_delta,seed005
5000,-1.0,largest_component_size_delta,seed005
6000,-2.0,largest_component_size_delta,seed005
7000,-2.0,largest_component_size_delta,seed005
8000,2.0,largest_component_size_delta,seed005
9000,-3.0,largest_component_size_delta,seed005
10000,-1.0,largest_component_size_delta,seed005
11000,0.0,largest_component_size_delta,seed005
12000,2.0,largest_component_size_delta,seed005
13000,2.0,largest_component_size_delta,seed005
14000,3.0,largest_component_size_delta,seed005
15000,0.0,largest_component_size_delta,seed005
16000,0.0,largest_component_size_delta,seed005
17000,0.0,largest_component_size_delta,seed005
18000,-2.0,largest_component_size_delta,seed005
19000,2.0,largest_component_size_delta,seed005
20000,-2.0,largest_component_size_delta,seed005
21000,-1.0,largest_component_size_delta,seed005
22000,1.0,largest_component_size_delta,seed005
23000,-1.0,largest_component_size_delta,seed005
24000,-1.0,largest_component_size_delta,seed005
25000,0.0,largest_component_size_delta,seed005
26000,0.0,largest_component_size_delta,seed005
27000,-1.0,largest_component_size_delta,seed005
28000,-1.0,largest_component_size_delta,seed005
29000,0.0,largest_component_size_delta,seed005
30000,1.0,largest_component_size_delta,seed005
1000,,largest_component_size_rel_change,seed005
2000,0.0,largest_component_size_rel_change,seed005
3000,0.0,largest_component_size_rel_change,seed005
4000,0.0,largest_component_size_rel_change,seed005
5000,-0.00390625,largest_component_size_rel_change,seed005
6000,-0.0078431372549019,largest_component_size_rel_change,seed005
7000,-0.0079051383399209,largest_component_size_rel_change,seed005
8000,0.0079681274900398,largest_component_size_rel_change,seed005
9000,-0.0118577075098814,largest_component_size_rel_change,seed005
10000,-0.004,largest_component_size_rel_change,seed005
11000,0.0,largest_component_size_rel_change,seed005
12000,0.0080321285140563,largest_component_size_rel_change,seed005
13000,0.0079681274900398,largest_component_size_rel_change,seed005
14000,0.0118577075098813,largest_component_size_rel_change,seed005
15000,0.0,largest_component_size_rel_change,seed005
16000,0.0,largest_component_size_rel_change,seed005
17000,0.0,largest_component_size_rel_change,seed005
18000,-0.0078125,largest_component_size_rel_change,seed005
19000,0.0078740157480314,largest_component_size_rel_change,seed005
20000,-0.0078125,largest_component_size_rel_change,seed005
21000,-0.0039370078740157,largest_component_size_rel_change,seed005
22000,0.0039525691699604,largest_component_size_rel_change,seed005
23000,-0.0039370078740157,largest_component_size_rel_change,seed005
24000,-0.0039525691699604,largest_component_size_rel_change,seed005
25000,0.0,largest_component_size_rel_change,seed005
26000,0.0,largest_component_size_rel_change,seed005
27000,-0.0039682539682539,largest_component_size_rel_change,seed005
28000,-0.0039840637450199,largest_component_size_rel_change,seed005
29000,0.0,largest_component_size_rel_change,seed005
30000,0.004,largest_component_size_rel_change,seed005
1000,254.0,max_degree,seed005
2000,255.0,max_degree,seed005
3000,254.0,max_degree,seed005
4000,255.0,max_degree,seed005
5000,249.0,max_degree,seed005
6000,250.0,max_degree,seed005
7000,249.0,max_degree,seed005
8000,250.0,max_degree,seed005
9000,239.0,max_degree,seed005
10000,240.0,max_degree,seed005
11000,241.0,max_degree,seed005
12000,248.0,max_degree,seed005
13000,251.0,max_degree,seed005
14000,253.0,max_degree,seed005
15000,255.0,max_degree,seed005
16000,255.0,max_degree,seed005
17000,255.0,max_degree,seed005
18000,251.0,max_degree,seed005
19000,253.0,max_degree,seed005
20000,252.0,max_degree,seed005
21000,249.0,max_degree,seed005
22000,252.0,max_degree,seed005
23000,251.0,max_degree,seed005
24000,250.0,max_degree,seed005
25000,250.0,max_degree,seed005
26000,248.0,max_degree,seed005
27000,246.0,max_degree,seed005
28000,246.0,max_degree,seed005
29000,245.0,max_degree,seed005
30000,246.0,max_degree,seed005
1000,0.0003652642890681,modularity,seed005
2000,0.0006765803734334,modularity,seed005
3000,0.0008494745296914,modularity,seed005
4000,0.0029281310675141,modularity,seed005
5000,0.0,modularity,seed005
6000,0.0,modularity,seed005
7000,0.0,modularity,seed005
8000,0.0,modularity,seed005
9000,0.0,modularity,seed005
10000,0.0,modularity,seed005
11000,0.0,modularity,seed005
12000,0.0,modularity,seed005
13000,0.0,modularity,seed005
14000,0.0036159950700519,modularity,seed005
15000,0.0032822400160838,modularity,seed005
16000,0.001943591521958,modularity,seed005
17000,0.0011951912086781,modularity,seed005
18000,0.0,modularity,seed005
19000,0.0028406814863727,modularity,seed005
20000,0.0,modularity,seed005
21000,0.0,modularity,seed005
22000,0.0,modularity,seed005
23000,0.0,modularity,seed005
24000,0.0,modularity,seed005
25000,0.0,modularity,seed005
26000,0.0,modularity,seed005
27000,0.0,modularity,seed005
28000,0.0,modularity,seed005
29000,0.0,modularity,seed005
30000,0.0,modularity,seed005
1000,1.0,num_components,seed005
2000,1.0,num_components,seed005
3000,1.0,num_components,seed005
4000,1.0,num_components,seed005
5000,1.0,num_components,seed005
6000,1.0,num_components,seed005
7000,1.0,num_components,seed005
8000,1.0,num_components,seed005
9000,1.0,num_components,seed005
10000,1.0,num_components,seed005
11000,1.0,num_components,seed005
12000,1.0,num_components,seed005
13000,1.0,num_components,seed005
14000,1.0,num_components,seed005
15000,1.0,num_components,seed005
16000,1.0,num_components,seed005
17000,1.0,num_components,seed005
18000,1.0,num_components,seed005
19000,1.0,num_components,seed005
20000,1.0,num_components,seed005
21000,1.0,num_components,seed005
22000,1.0,num_components,seed005
23000,1.0,num_components,seed005
24000,1.0,num_components,seed005
25000,1.0,num_components,seed005
26000,1.0,num_components,seed005
27000,1.0,num_components,seed005
28000,1.0,num_components,seed005
29000,1.0,num_components,seed005
30000,1.0,num_components,seed005
1000,31665.0,num_edges,seed005
2000,31817.0,num_edges,seed005
3000,31138.0,num_edges,seed005
4000,31969.0,num_edges,seed005
5000,30151.0,num_edges,seed005
6000,30157.0,num_edges,seed005
7000,30016.0,num_edges,seed005
8000,30132.0,num_edges,seed005
9000,26661.0,num_edges,seed005
10000,26441.0,num_edges,seed005
11000,27295.0,num_edges,seed005
12000,29150.0,num_edges,seed005
13000,30666.0,num_edges,seed005
14000,30525.0,num_edges,seed005
15000,31533.0,num_edges,seed005
16000,31798.0,num_edges,seed005
17000,32025.0,num_edges,seed005
18000,30711.0,num_edges,seed005
19000,30537.0,num_edges,seed005
20000,30250.0,num_edges,seed005
21000,29524.0,num_edges,seed005
22000,30694.0,num_edges,seed005
23000,30323.0,num_edges,seed005
24000,29955.0,num_edges,seed005
25000,29775.0,num_edges,seed005
26000,29296.0,num_edges,seed005
27000,28760.0,num_edges,seed005
28000,28753.0,num_edges,seed005
29000,28688.0,num_edges,seed005
30000,28804.0,num_edges,seed005
1000,,num_edges_delta,seed005
2000,152.0,num_edges_delta,seed005
3000,-679.0,num_edges_delta,seed005
4000,831.0,num_edges_delta,seed005
5000,-1818.0,num_edges_delta,seed005
6000,6.0,num_edges_delta,seed005
7000,-141.0,num_edges_delta,seed005
8000,116.0,num_edges_delta,seed005
9000,-3471.0,num_edges_delta,seed005
10000,-220.0,num_edges_delta,seed005
11000,854.0,num_edges_delta,seed005
12000,1855.0,num_edges_delta,seed005
13000,1516.0,num_edges_delta,seed005
14000,-141.0,num_edges_delta,seed005
15000,1008.0,num_edges_delta,seed005
16000,265.0,num_edges_delta,seed005
17000,227.0,num_edges_delta,seed005
18000,-1314.0,num_edges_delta,seed005
19000,-174.0,num_edges_delta,seed005
20000,-287.0,num_edges_delta,seed005
21000,-726.0,num_edges_delta,seed005
22000,1170.0,num_edges_delta,seed005
23000,-371.0,num_edges_delta,seed005
24000,-368.0,num_edges_delta,seed005
25000,-180.0,num_edges_delta,seed005
26000,-479.0,num_edges_delta,seed005
27000,-536.0,num_edges_delta,seed005
28000,-7.0,num_edges_delta,seed005
29000,-65.0,num_edges_delta,seed005
30000,116.0,num_edges_delta,seed005
1000,,num_edges_rel_change,seed005
2000,0.004800252644876,num_edges_rel_change,seed005
3000,-0.021340792658013,num_edges_rel_change,seed005
4000,0.0266876485323399,num_edges_rel_change,seed005
5000,-0.0568675904782758,num_edges_rel_change,seed005
6000,0.0001989983748467,num_edges_rel_change,seed005
7000,-0.0046755313857479,num_edges_rel_change,seed005
8000,0.0038646055437099,num_edges_rel_change,seed005
9000,-0.1151931501393866,num_edges_rel_change,seed005
10000,-0.0082517534976181,num_edges_rel_change,seed005
11000,0.0322983245716879,num_edges_rel_change,seed005
12000,0.0679611650485436,num_edges_rel_change,seed005
13000,0.0520068610634647,num_edges_rel_change,seed005
14000,-0.0045979260418704,num_edges_rel_change,seed005
15000,0.0330221130221131,num_edges_rel_change,seed005
16000,0.0084038943329209,num_edges_rel_change,seed005
17000,0.0071388137618717,num_edges_rel_change,seed005
18000,-0.0410304449648711,num_edges_rel_change,seed005
19000,-0.0056657223796033,num_edges_rel_change,seed005
20000,-0.009398434685791,num_edges_rel_change,seed005
21000,-0.024,num_edges_rel_change,seed005
22000,0.0396287765885381,num_edges_rel_change,seed005
23000,-0.012087052844204,num_edges_rel_change,seed005
24000,-0.0121360023744352,num_edges_rel_change,seed005
25000,-0.0060090135202803,num_edges_rel_change,seed005
26000,-0.0160873215785054,num_edges_rel_change,seed005
27000,-0.0182960131075914,num_edges_rel_change,seed005
28000,-0.0002433936022253,num_edges_rel_change,seed005
29000,-0.0022606336730079,num_edges_rel_change,seed005
30000,0.0040435025097602,num_edges_rel_change,seed005
1000,256.0,num_nodes,seed005
2000,256.0,num_nodes,seed005
3000,256.0,num_nodes,seed005
4000,256.0,num_nodes,seed005
5000,255.0,num_nodes,seed005
6000,253.0,num_nodes,seed005
7000,251.0,num_nodes,seed005
8000,253.0,num_nodes,seed005
9000,250.0,num_nodes,seed005
10000,249.0,num_nodes,seed005
11000,249.0,num_nodes,seed005
12000,251.0,num_nodes,seed005
13000,253.0,num_nodes,seed005
14000,256.0,num_nodes,seed005
15000,256.0,num_nodes,seed005
16000,256.0,num_nodes,seed005
17000,256.0,num_nodes,seed005
18000,254.0,num_nodes,seed005
19000,256.0,num_nodes,seed005
20000,254.0,num_nodes,seed005
21000,253.0,num_nodes,seed005
22000,254.0,num_nodes,seed005
23000,253.0,num_nodes,seed005
24000,252.0,num_nodes,seed005
25000,252.0,num_nodes,seed005
26000,252.0,num_nodes,seed005
27000,251.0,num_nodes,seed005
28000,250.0,num_nodes,seed005
29000,250.0,num_nodes,seed005
30000,251.0,num_nodes,seed005
1000,0.7532172352075577,sae_sparsity,seed005
2000,0.7319862097501755,sae_sparsity,seed005
3000,0.7101366817951202,sae_sparsity,seed005
4000,0.6900545358657837,sae_sparsity,seed005
5000,0.6921653747558594,sae_sparsity,seed005
6000,0.6936487704515457,sae_sparsity,seed005
7000,0.6913561373949051,sae_sparsity,seed005
8000,0.6788347214460373,sae_sparsity,seed005
9000,0.592079296708107,sae_sparsity,seed005
10000,0.6119545251131058,sae_sparsity,seed005
11000,0.6166576445102692,sae_sparsity,seed005
12000,0.6418714821338654,sae_sparsity,seed005
13000,0.6956525295972824,sae_sparsity,seed005
14000,0.684015080332756,sae_sparsity,seed005
15000,0.6972878575325012,sae_sparsity,seed005
16000,0.7136920988559723,sae_sparsity,seed005
17000,0.7328643798828125,sae_sparsity,seed005
18000,0.6986804753541946,sae_sparsity,seed005
19000,0.6875319629907608,sae_sparsity,seed005
20000,0.7044393569231033,sae_sparsity,seed005
21000,0.6929096281528473,sae_sparsity,seed005
22000,0.6562569737434387,sae_sparsity,seed005
23000,0.6598822474479675,sae_sparsity,seed005
24000,0.6631440818309784,sae_sparsity,seed005
25000,0.6682989150285721,sae_sparsity,seed005
26000,0.668189212679863,sae_sparsity,seed005
27000,0.6630664616823196,sae_sparsity,seed005
28000,0.6637912541627884,sae_sparsity,seed005
29000,0.6689115017652512,sae_sparsity,seed005
30000,0.6692850887775421,sae_sparsity,seed005
1000,0.0630977683315621,test_acc,seed005
2000,0.0787725823591923,test_acc,seed005
3000,0.0860786397449521,test_acc,seed005
4000,0.0240435706695005,test_acc,seed005
5000,0.048087141339001,test_acc,seed005
6000,0.0553931987247608,test_acc,seed005
7000,0.0580499468650371,test_acc,seed005
8000,0.0626992561105207,test_acc,seed005
9000,0.0437035069075451,test_acc,seed005
10000,0.0484856535600425,test_acc,seed005
11000,0.055260361317747,test_acc,seed005
12000,0.0605738575982996,test_acc,seed005
13000,0.0632306057385759,test_acc,seed005
14000,0.0573857598299681,test_acc,seed005
15000,0.0649574920297555,test_acc,seed005
16000,0.0721307120085015,test_acc,seed005
17000,0.078241232731137,test_acc,seed005
18000,0.1353613177470775,test_acc,seed005
19000,0.1579436769394261,test_acc,seed005
20000,0.1794633368756641,test_acc,seed005
21000,0.2130712008501594,test_acc,seed005
22000,0.8516206163655685,test_acc,seed005
23000,0.848432518597237,test_acc,seed005
24000,0.845510095642933,test_acc,seed005
25000,0.8372741764080766,test_acc,seed005
26000,0.8285069075451648,test_acc,seed005
27000,0.8148246546227418,test_acc,seed005
28000,0.803134962805526,test_acc,seed005
29000,0.7915781083953242,test_acc,seed005
30000,0.7780286928799149,test_acc,seed005
1000,0.0630977683315621,test_acc_rolling_avg,seed005
2000,0.0709351753453772,test_acc_rolling_avg,seed005
3000,0.0759829968119022,test_acc_rolling_avg,seed005
4000,0.0629649309245483,test_acc_rolling_avg,seed005
5000,0.0527364505844845,test_acc_rolling_avg,seed005
6000,0.0425079702444208,test_acc_rolling_avg,seed005
7000,0.0538434289762663,test_acc_rolling_avg,seed005
8000,0.0587141339001062,test_acc_rolling_avg,seed005
9000,0.0548175699610343,test_acc_rolling_avg,seed005
10000,0.0516294721927028,test_acc_rolling_avg,seed005
11000,0.0491498405951115,test_acc_rolling_avg,seed005
12000,0.054773290825363,test_acc_rolling_avg,seed005
13000,0.0596882748848742,test_acc_rolling_avg,seed005
14000,0.0603967410556146,test_acc_rolling_avg,seed005
15000,0.0618579525327665,test_acc_rolling_avg,seed005
16000,0.0648246546227417,test_acc_rolling_avg,seed005
17000,0.0717764789231314,test_acc_rolling_avg,seed005
18000,0.0952444208289054,test_acc_rolling_avg,seed005
19000,0.1238487424725469,test_acc_rolling_avg,seed005
20000,0.1575894438540559,test_acc_rolling_avg,seed005
21000,0.1834927382217499,test_acc_rolling_avg,seed005
22000,0.4147183846971307,test_acc_rolling_avg,seed005
23000,0.637708111937655,test_acc_rolling_avg,seed005
24000,0.8485210768685795,test_acc_rolling_avg,seed005
25000,0.8437389302160822,test_acc_rolling_avg,seed005
26000,0.8370970598653914,test_acc_rolling_avg,seed005
27000,0.8268685795253278,test_acc_rolling_avg,seed005
28000,0.8154888416578109,test_acc_rolling_avg,seed005
29000,0.8031792419411974,test_acc_rolling_avg,seed005
30000,0.790913921360255,test_acc_rolling_avg,seed005
1000,1.0,train_acc,seed005
2000,1.0,train_acc,seed005
3000,1.0,train_acc,seed005
4000,0.9723551302498672,train_acc,seed005
5000,1.0,train_acc,seed005
6000,1.0,train_acc,seed005
7000,1.0,train_acc,seed005
8000,1.0,train_acc,seed005
9000,1.0,train_acc,seed005
10000,1.0,train_acc,seed005
11000,1.0,train_acc,seed005
12000,1.0,train_acc,seed005
13000,1.0,train_acc,seed005
14000,1.0,train_acc,seed005
15000,1.0,train_acc,seed005
16000,1.0,train_acc,seed005
17000,1.0,train_acc,seed005
18000,1.0,train_acc,seed005
19000,1.0,train_acc,seed005
20000,1.0,train_acc,seed005
21000,1.0,train_acc,seed005
22000,1.0,train_acc,seed005
23000,1.0,train_acc,seed005
24000,1.0,train_acc,seed005
25000,1.0,train_acc,seed005
26000,1.0,train_acc,seed005
27000,1.0,train_acc,seed005
28000,1.0,train_acc,seed005
29000,1.0,train_acc,seed005
30000,1.0,train_acc,seed005
1000,0.0630977683315621,val_acc,seed005
2000,0.0787725823591923,val_acc,seed005
3000,0.0860786397449521,val_acc,seed005
4000,0.0240435706695005,val_acc,seed005
5000,0.048087141339001,val_acc,seed005
6000,0.0553931987247608,val_acc,seed005
7000,0.0580499468650371,val_acc,seed005
8000,0.0626992561105207,val_acc,seed005
9000,0.0437035069075451,val_acc,seed005
10000,0.0484856535600425,val_acc,seed005
11000,0.055260361317747,val_acc,seed005
12000,0.0605738575982996,val_acc,seed005
13000,0.0632306057385759,val_acc,seed005
14000,0.0573857598299681,val_acc,seed005
15000,0.0649574920297555,val_acc,seed005
16000,0.0721307120085015,val_acc,seed005
17000,0.078241232731137,val_acc,seed005
18000,0.1353613177470775,val_acc,seed005
19000,0.1579436769394261,val_acc,seed005
20000,0.1794633368756641,val_acc,seed005
21000,0.2130712008501594,val_acc,seed005
22000,0.8516206163655685,val_acc,seed005
23000,0.848432518597237,val_acc,seed005
24000,0.845510095642933,val_acc,seed005
25000,0.8372741764080766,val_acc,seed005
26000,0.8285069075451648,val_acc,seed005
27000,0.8148246546227418,val_acc,seed005
28000,0.803134962805526,val_acc,seed005
29000,0.7915781083953242,val_acc,seed005
30000,0.7780286928799149,val_acc,seed005
1000,0.9903804546184046,avg_clustering,seed006
2000,0.9741823573815364,avg_clustering,seed006
3000,0.9740186783869474,avg_clustering,seed006
4000,0.9868000503089932,avg_clustering,seed006
5000,0.9675365666143384,avg_clustering,seed006
6000,0.9632963812722252,avg_clustering,seed006
7000,0.9587586661817468,avg_clustering,seed006
8000,0.9631846100024672,avg_clustering,seed006
9000,0.9346375656573924,avg_clustering,seed006
10000,0.938730714369594,avg_clustering,seed006
11000,0.951287447306328,avg_clustering,seed006
12000,0.9652711600703884,avg_clustering,seed006
13000,0.9817183340691698,avg_clustering,seed006
14000,0.97135439451782,avg_clustering,seed006
15000,0.9811547593479673,avg_clustering,seed006
16000,0.9864981052456466,avg_clustering,seed006
17000,0.9908460775395452,avg_clustering,seed006
18000,0.9742198536517506,avg_clustering,seed006
19000,0.961625609565448,avg_clustering,seed006
20000,0.958004225214688,avg_clustering,seed006
21000,0.9566096041407232,avg_clustering,seed006
22000,0.9746968968520816,avg_clustering,seed006
23000,0.973599006716238,avg_clustering,seed006
24000,0.9731637453856924,avg_clustering,seed006
25000,0.9706105234134006,avg_clustering,seed006
26000,0.9685665654895448,avg_clustering,seed006
27000,0.9652559903292948,avg_clustering,seed006
28000,0.968125847537912,avg_clustering,seed006
29000,0.968262767076895,avg_clustering,seed006
30000,0.966290264687356,avg_clustering,seed006
1000,,avg_clustering_delta,seed006
2000,-0.0161980972368681,avg_clustering_delta,seed006
3000,-0.000163678994589,avg_clustering_delta,seed006
4000,0.0127813719220456,avg_clustering_delta,seed006
5000,-0.0192634836946545,avg_clustering_delta,seed006
6000,-0.0042401853421133,avg_clustering_delta,seed006
7000,-0.0045377150904782,avg_clustering_delta,seed006
8000,0.0044259438207203,avg_clustering_delta,seed006
9000,-0.0285470443450748,avg_clustering_delta,seed006
10000,0.0040931487122015,avg_clustering_delta,seed006
11000,0.012556732936734,avg_clustering_delta,seed006
12000,0.0139837127640602,avg_clustering_delta,seed006
13000,0.0164471739987813,avg_clustering_delta,seed006
14000,-0.0103639395513498,avg_clustering_delta,seed006
15000,0.0098003648301473,avg_clustering_delta,seed006
16000,0.0053433458976793,avg_clustering_delta,seed006
17000,0.0043479722938986,avg_clustering_delta,seed006
18000,-0.0166262238877946,avg_clustering_delta,seed006
19000,-0.0125942440863026,avg_clustering_delta,seed006
20000,-0.00362138435076,avg_clustering_delta,seed006
21000,-0.0013946210739647,avg_clustering_delta,seed006
22000,0.0180872927113585,avg_clustering_delta,seed006
23000,-0.0010978901358438,avg_clustering_delta,seed006
24000,-0.0004352613305456,avg_clustering_delta,seed006
25000,-0.0025532219722916,avg_clustering_delta,seed006
26000,-0.0020439579238556,avg_clustering_delta,seed006
27000,-0.0033105751602502,avg_clustering_delta,seed006
28000,0.0028698572086174,avg_clustering_delta,seed006
29000,0.0001369195389828,avg_clustering_delta,seed006
30000,-0.0019725023895389,avg_clustering_delta,seed006
1000,,avg_clustering_rel_change,seed006
2000,-0.0163554290286446,avg_clustering_rel_change,seed006
3000,-0.0001680167920808,avg_clustering_rel_change,seed006
4000,0.0131223067951968,avg_clustering_rel_change,seed006
5000,-0.0195211620516463,avg_clustering_rel_change,seed006
6000,-0.0043824548739804,avg_clustering_rel_change,seed006
7000,-0.004710611581957,avg_clustering_rel_change,seed006
8000,0.0046163273165984,avg_clustering_rel_change,seed006
9000,-0.0296381857108386,avg_clustering_rel_change,seed006
10000,0.0043793967443652,avg_clustering_rel_change,seed006
11000,0.0133762885825745,avg_clustering_rel_change,seed006
12000,0.0146997763963527,avg_clustering_rel_change,seed006
13000,0.0170389157773884,avg_clustering_rel_change,seed006
14000,-0.0105569379644687,avg_clustering_rel_change,seed006
15000,0.0100893812654363,avg_clustering_rel_change,seed006
16000,0.0054459766380079,avg_clustering_rel_change,seed006
17000,0.0044074816472312,avg_clustering_rel_change,seed006
18000,-0.0167798251057122,avg_clustering_rel_change,seed006
19000,-0.01292751737618,avg_clustering_rel_change,seed006
20000,-0.0037658984065499,avg_clustering_rel_change,seed006
21000,-0.0014557567046764,avg_clustering_rel_change,seed006
22000,0.0189077055395083,avg_clustering_rel_change,seed006
23000,-0.0011263913318998,avg_clustering_rel_change,seed006
24000,-0.0004470642713715,avg_clustering_rel_change,seed006
25000,-0.002623630385326,avg_clustering_rel_change,seed006
26000,-0.0021058476850916,avg_clustering_rel_change,seed006
27000,-0.0034180151145078,avg_clustering_rel_change,seed006
28000,0.0029731565899304,avg_clustering_rel_change,seed006
29000,0.0001414274180686,avg_clustering_rel_change,seed006
30000,-0.0020371560867653,avg_clustering_rel_change,seed006
1000,0.9903804546184046,avg_clustering_rolling_avg,seed006
2000,0.9822814059999704,avg_clustering_rolling_avg,seed006
3000,0.9795271634622962,avg_clustering_rolling_avg,seed006
4000,0.9783336953591588,avg_clustering_rolling_avg,seed006
5000,0.976118431770093,avg_clustering_rolling_avg,seed006
6000,0.9725443327318524,avg_clustering_rolling_avg,seed006
7000,0.9631972046894368,avg_clustering_rolling_avg,seed006
8000,0.9617465524854798,avg_clustering_rolling_avg,seed006
9000,0.9521936139472024,avg_clustering_rolling_avg,seed006
10000,0.9455176300098178,avg_clustering_rolling_avg,seed006
11000,0.9415519091111048,avg_clustering_rolling_avg,seed006
12000,0.95176310724877,avg_clustering_rolling_avg,seed006
13000,0.9660923138152954,avg_clustering_rolling_avg,seed006
14000,0.972781296219126,avg_clustering_rolling_avg,seed006
15000,0.9780758293116524,avg_clustering_rolling_avg,seed006
16000,0.979669086370478,avg_clustering_rolling_avg,seed006
17000,0.9861663140443864,avg_clustering_rolling_avg,seed006
18000,0.9838546788123144,avg_clustering_rolling_avg,seed006
19000,0.9755638469189146,avg_clustering_rolling_avg,seed006
20000,0.9646165628106288,avg_clustering_rolling_avg,seed006
21000,0.9587464796402864,avg_clustering_rolling_avg,seed006
22000,0.9631035754024976,avg_clustering_rolling_avg,seed006
23000,0.9683018359030144,avg_clustering_rolling_avg,seed006
24000,0.9738198829846706,avg_clustering_rolling_avg,seed006
25000,0.9724577585051104,avg_clustering_rolling_avg,seed006
26000,0.9707802780962126,avg_clustering_rolling_avg,seed006
27000,0.96814435974408,avg_clustering_rolling_avg,seed006
28000,0.9673161344522504,avg_clustering_rolling_avg,seed006
29000,0.9672148683147004,avg_clustering_rolling_avg,seed006
30000,0.9675596264340544,avg_clustering_rolling_avg,seed006
1000,252.234375,avg_degree,seed006
2000,245.57647058823528,avg_degree,seed006
3000,243.699604743083,avg_degree,seed006
4000,248.52549019607844,avg_degree,seed006
5000,241.36470588235292,avg_degree,seed006
6000,241.140625,avg_degree,seed006
7000,240.6171875,avg_degree,seed006
8000,239.2578125,avg_degree,seed006
9000,215.0,avg_degree,seed006
10000,213.4859437751004,avg_degree,seed006
11000,228.7142857142857,avg_degree,seed006
12000,234.2204724409449,avg_degree,seed006
13000,244.488188976378,avg_degree,seed006
14000,241.6141732283465,avg_degree,seed006
15000,244.67193675889328,avg_degree,seed006
16000,250.05490196078432,avg_degree,seed006
17000,252.359375,avg_degree,seed006
18000,245.31764705882352,avg_degree,seed006
19000,238.01568627450985,avg_degree,seed006
20000,233.5873015873016,avg_degree,seed006
21000,225.5098814229249,avg_degree,seed006
22000,240.64822134387356,avg_degree,seed006
23000,239.3571428571429,avg_degree,seed006
24000,236.91699604743084,avg_degree,seed006
25000,235.56972111553785,avg_degree,seed006
26000,233.27777777777777,avg_degree,seed006
27000,234.0,avg_degree,seed006
28000,230.616,avg_degree,seed006
29000,228.78225806451613,avg_degree,seed006
30000,225.01612903225808,avg_degree,seed006
1000,0.989154411764706,density,seed006
2000,0.9668364983788792,density,seed006
3000,0.9670619235836628,density,seed006
4000,0.9784468117955843,density,seed006
5000,0.9502547475683186,density,seed006
6000,0.9456495098039216,density,seed006
7000,0.9435968137254902,density,seed006
8000,0.938265931372549,density,seed006
9000,0.8565737051792829,density,seed006
10000,0.8608304184479855,density,seed006
11000,0.9112122936824132,density,seed006
12000,0.9257726183436557,density,seed006
13000,0.9663564781675018,density,seed006
14000,0.9549967321278516,density,seed006
15000,0.9709203839638624,density,seed006
16000,0.9844681179558438,density,seed006
17000,0.9896446078431372,density,seed006
18000,0.9658175081056044,density,seed006
19000,0.9370696310020072,density,seed006
20000,0.9306266995510024,density,seed006
21000,0.8948804818370035,density,seed006
22000,0.9549532593010854,density,seed006
23000,0.9536141149686966,density,seed006
24000,0.9401468097120272,density,seed006
25000,0.9422788844621514,density,seed006
26000,0.929393536963258,density,seed006
27000,0.936,density,seed006
28000,0.9261686746987952,density,seed006
29000,0.926243959775369,density,seed006
30000,0.91099647381481,density,seed006
1000,,density_delta,seed006
2000,-0.0223179133858267,density_delta,seed006
3000,0.0002254252047836,density_delta,seed006
4000,0.0113848882119216,density_delta,seed006
5000,-0.0281920642272657,density_delta,seed006
6000,-0.004605237764397,density_delta,seed006
7000,-0.0020526960784313,density_delta,seed006
8000,-0.0053308823529412,density_delta,seed006
9000,-0.0816922261932661,density_delta,seed006
10000,0.0042567132687025,density_delta,seed006
11000,0.0503818752344277,density_delta,seed006
12000,0.0145603246612424,density_delta,seed006
13000,0.0405838598238461,density_delta,seed006
14000,-0.0113597460396501,density_delta,seed006
15000,0.0159236518360106,density_delta,seed006
16000,0.0135477339919815,density_delta,seed006
17000,0.0051764898872934,density_delta,seed006
18000,-0.0238270997375328,density_delta,seed006
19000,-0.0287478771035972,density_delta,seed006
20000,-0.0064429314510048,density_delta,seed006
21000,-0.0357462177139987,density_delta,seed006
22000,0.0600727774640819,density_delta,seed006
23000,-0.0013391443323887,density_delta,seed006
24000,-0.0134673052566695,density_delta,seed006
25000,0.0021320747501242,density_delta,seed006
26000,-0.0128853474988932,density_delta,seed006
27000,0.0066064630367419,density_delta,seed006
28000,-0.0098313253012048,density_delta,seed006
29000,7.528507657383887e-05,density_delta,seed006
30000,-0.015247485960559,density_delta,seed006
1000,,density_rel_change,seed006
2000,-0.0225626182529079,density_rel_change,seed006
3000,0.0002331575247331,density_rel_change,seed006
4000,0.0117726568839897,density_rel_change,seed006
5000,-0.0288130779183892,density_rel_change,seed006
6000,-0.0048463191330343,density_rel_change,seed006
7000,-0.0021706732326832,density_rel_change,seed006
8000,-0.0056495340757817,density_rel_change,seed006
9000,-0.0870672412391251,density_rel_change,seed006
10000,0.0049694652578806,density_rel_change,seed006
11000,0.0585270619563635,density_rel_change,seed006
12000,0.0159790696001267,density_rel_change,seed006
13000,0.0438378269347139,density_rel_change,seed006
14000,-0.0117552334943639,density_rel_change,seed006
15000,0.0166740380362671,density_rel_change,seed006
16000,0.0139534963069491,density_rel_change,seed006
17000,0.0052581589925349,density_rel_change,seed006
18000,-0.0240764205136855,density_rel_change,seed006
19000,-0.0297653302640833,density_rel_change,seed006
20000,-0.0068756165367512,density_rel_change,seed006
21000,-0.0384109092628066,density_rel_change,seed006
22000,0.0671293861955342,density_rel_change,seed006
23000,-0.0014023140078802,density_rel_change,seed006
24000,-0.0141223845633949,density_rel_change,seed006
25000,0.0022678104399218,density_rel_change,seed006
26000,-0.0136746643816051,density_rel_change,seed006
27000,0.0071083591331269,density_rel_change,seed006
28000,-0.0105035526722274,density_rel_change,seed006
29000,8.128657190686894e-05,density_rel_change,seed006
30000,-0.0164616306531778,density_rel_change,seed006
1000,0.989154411764706,density_rolling_avg,seed006
2000,0.9779954550717924,density_rolling_avg,seed006
3000,0.9743509445757492,density_rolling_avg,seed006
4000,0.970781744586042,density_rolling_avg,seed006
5000,0.9652544943158552,density_rolling_avg,seed006
6000,0.9581170230559416,density_rolling_avg,seed006
7000,0.9465003570325768,density_rolling_avg,seed006
8000,0.9425040849673204,density_rolling_avg,seed006
9000,0.9128121500924408,density_rolling_avg,seed006
10000,0.8852233516666058,density_rolling_avg,seed006
11000,0.8762054724365606,density_rolling_avg,seed006
12000,0.8992717768246847,density_rolling_avg,seed006
13000,0.9344471300645236,density_rolling_avg,seed006
14000,0.9490419428796696,density_rolling_avg,seed006
15000,0.9640911980864052,density_rolling_avg,seed006
16000,0.970128411349186,density_rolling_avg,seed006
17000,0.981677703254281,density_rolling_avg,seed006
18000,0.9799767446348618,density_rolling_avg,seed006
19000,0.9641772489835828,density_rolling_avg,seed006
20000,0.9445046128862046,density_rolling_avg,seed006
21000,0.9208589374633376,density_rolling_avg,seed006
22000,0.9268201468963636,density_rolling_avg,seed006
23000,0.934482618702262,density_rolling_avg,seed006
24000,0.949571394660603,density_rolling_avg,seed006
25000,0.9453466030476252,density_rolling_avg,seed006
26000,0.9372730770458122,density_rolling_avg,seed006
27000,0.9358908071418032,density_rolling_avg,seed006
28000,0.9305207372206844,density_rolling_avg,seed006
29000,0.9294708781580546,density_rolling_avg,seed006
30000,0.9211363694296582,density_rolling_avg,seed006
1000,256.0,largest_component_size,seed006
2000,255.0,largest_component_size,seed006
3000,253.0,largest_component_size,seed006
4000,255.0,largest_component_size,seed006
5000,255.0,largest_component_size,seed006
6000,256.0,largest_component_size,seed006
7000,256.0,largest_component_size,seed006
8000,256.0,largest_component_size,seed006
9000,252.0,largest_component_size,seed006
10000,249.0,largest_component_size,seed006
11000,252.0,largest_component_size,seed006
12000,254.0,largest_component_size,seed006
13000,254.0,largest_component_size,seed006
14000,254.0,largest_component_size,seed006
15000,253.0,largest_component_size,seed006
16000,255.0,largest_component_size,seed006
17000,256.0,largest_component_size,seed006
18000,255.0,largest_component_size,seed006
19000,255.0,largest_component_size,seed006
20000,252.0,largest_component_size,seed006
21000,253.0,largest_component_size,seed006
22000,253.0,largest_component_size,seed006
23000,252.0,largest_component_size,seed006
24000,253.0,largest_component_size,seed006
25000,251.0,largest_component_size,seed006
26000,252.0,largest_component_size,seed006
27000,251.0,largest_component_size,seed006
28000,250.0,largest_component_size,seed006
29000,248.0,largest_component_size,seed006
30000,248.0,largest_component_size,seed006
1000,,largest_component_size_delta,seed006
2000,-1.0,largest_component_size_delta,seed006
3000,-2.0,largest_component_size_delta,seed006
4000,2.0,largest_component_size_delta,seed006
5000,0.0,largest_component_size_delta,seed006
6000,1.0,largest_component_size_delta,seed006
7000,0.0,largest_component_size_delta,seed006
8000,0.0,largest_component_size_delta,seed006
9000,-4.0,largest_component_size_delta,seed006
10000,-3.0,largest_component_size_delta,seed006
11000,3.0,largest_component_size_delta,seed006
12000,2.0,largest_component_size_delta,seed006
13000,0.0,largest_component_size_delta,seed006
14000,0.0,largest_component_size_delta,seed006
15000,-1.0,largest_component_size_delta,seed006
16000,2.0,largest_component_size_delta,seed006
17000,1.0,largest_component_size_delta,seed006
18000,-1.0,largest_component_size_delta,seed006
19000,0.0,largest_component_size_delta,seed006
20000,-3.0,largest_component_size_delta,seed006
21000,1.0,largest_component_size_delta,seed006
22000,0.0,largest_component_size_delta,seed006
23000,-1.0,largest_component_size_delta,seed006
24000,1.0,largest_component_size_delta,seed006
25000,-2.0,largest_component_size_delta,seed006
26000,1.0,largest_component_size_delta,seed006
27000,-1.0,largest_component_size_delta,seed006
28000,-1.0,largest_component_size_delta,seed006
29000,-2.0,largest_component_size_delta,seed006
30000,0.0,largest_component_size_delta,seed006
1000,,largest_component_size_rel_change,seed006
2000,-0.00390625,largest_component_size_rel_change,seed006
3000,-0.0078431372549019,largest_component_size_rel_change,seed006
4000,0.0079051383399209,largest_component_size_rel_change,seed006
5000,0.0,largest_component_size_rel_change,seed006
6000,0.0039215686274509,largest_component_size_rel_change,seed006
7000,0.0,largest_component_size_rel_change,seed006
8000,0.0,largest_component_size_rel_change,seed006
9000,-0.015625,largest_component_size_rel_change,seed006
10000,-0.0119047619047618,largest_component_size_rel_change,seed006
11000,0.0120481927710842,largest_component_size_rel_change,seed006
12000,0.0079365079365079,largest_component_size_rel_change,seed006
13000,0.0,largest_component_size_rel_change,seed006
14000,0.0,largest_component_size_rel_change,seed006
15000,-0.0039370078740157,largest_component_size_rel_change,seed006
16000,0.0079051383399209,largest_component_size_rel_change,seed006
17000,0.0039215686274509,largest_component_size_rel_change,seed006
18000,-0.00390625,largest_component_size_rel_change,seed006
19000,0.0,largest_component_size_rel_change,seed006
20000,-0.0117647058823529,largest_component_size_rel_change,seed006
21000,0.0039682539682539,largest_component_size_rel_change,seed006
22000,0.0,largest_component_size_rel_change,seed006
23000,-0.0039525691699604,largest_component_size_rel_change,seed006
24000,0.0039682539682539,largest_component_size_rel_change,seed006
25000,-0.0079051383399209,largest_component_size_rel_change,seed006
26000,0.0039840637450199,largest_component_size_rel_change,seed006
27000,-0.0039682539682539,largest_component_size_rel_change,seed006
28000,-0.0039840637450199,largest_component_size_rel_change,seed006
29000,-0.008,largest_component_size_rel_change,seed006
30000,0.0,largest_component_size_rel_change,seed006
1000,255.0,max_degree,seed006
2000,254.0,max_degree,seed006
3000,252.0,max_degree,seed006
4000,253.0,max_degree,seed006
5000,253.0,max_degree,seed006
6000,254.0,max_degree,seed006
7000,255.0,max_degree,seed006
8000,253.0,max_degree,seed006
9000,243.0,max_degree,seed006
10000,240.0,max_degree,seed006
11000,247.0,max_degree,seed006
12000,248.0,max_degree,seed006
13000,252.0,max_degree,seed006
14000,252.0,max_degree,seed006
15000,252.0,max_degree,seed006
16000,254.0,max_degree,seed006
17000,255.0,max_degree,seed006
18000,254.0,max_degree,seed006
19000,252.0,max_degree,seed006
20000,249.0,max_degree,seed006
21000,245.0,max_degree,seed006
22000,251.0,max_degree,seed006
23000,250.0,max_degree,seed006
24000,249.0,max_degree,seed006
25000,248.0,max_degree,seed006
26000,247.0,max_degree,seed006
27000,247.0,max_degree,seed006
28000,245.0,max_degree,seed006
29000,244.0,max_degree,seed006
30000,240.0,max_degree,seed006
1000,0.0001473634483853,modularity,seed006
2000,0.0,modularity,seed006
3000,0.0,modularity,seed006
4000,0.0,modularity,seed006
5000,0.0,modularity,seed006
6000,0.0022467273360953,modularity,seed006
7000,0.0014633944633643,modularity,seed006
8000,0.0022617256930597,modularity,seed006
9000,0.0,modularity,seed006
10000,0.0,modularity,seed006
11000,0.0,modularity,seed006
12000,0.0,modularity,seed006
13000,0.0,modularity,seed006
14000,0.0,modularity,seed006
15000,0.0,modularity,seed006
16000,0.0,modularity,seed006
17000,0.0006676730969527,modularity,seed006
18000,0.0,modularity,seed006
19000,0.0,modularity,seed006
20000,0.0,modularity,seed006
21000,0.0,modularity,seed006
22000,0.0,modularity,seed006
23000,0.0,modularity,seed006
24000,0.0,modularity,seed006
25000,0.0,modularity,seed006
26000,0.0,modularity,seed006
27000,0.0,modularity,seed006
28000,0.0,modularity,seed006
29000,0.0,modularity,seed006
30000,0.0,modularity,seed006
1000,1.0,num_components,seed006
2000,1.0,num_components,seed006
3000,1.0,num_components,seed006
4000,1.0,num_components,seed006
5000,1.0,num_components,seed006
6000,1.0,num_components,seed006
7000,1.0,num_components,seed006
8000,1.0,num_components,seed006
9000,1.0,num_components,seed006
10000,1.0,num_components,seed006
11000,1.0,num_components,seed006
12000,1.0,num_components,seed006
13000,1.0,num_components,seed006
14000,1.0,num_components,seed006
15000,1.0,num_components,seed006
16000,1.0,num_components,seed006
17000,1.0,num_components,seed006
18000,1.0,num_components,seed006
19000,1.0,num_components,seed006
20000,1.0,num_components,seed006
21000,1.0,num_components,seed006
22000,1.0,num_components,seed006
23000,1.0,num_components,seed006
24000,1.0,num_components,seed006
25000,1.0,num_components,seed006
26000,1.0,num_components,seed006
27000,1.0,num_components,seed006
28000,1.0,num_components,seed006
29000,1.0,num_components,seed006
30000,1.0,num_components,seed006
1000,32286.0,num_edges,seed006
2000,31311.0,num_edges,seed006
3000,30828.0,num_edges,seed006
4000,31687.0,num_edges,seed006
5000,30774.0,num_edges,seed006
6000,30866.0,num_edges,seed006
7000,30799.0,num_edges,seed006
8000,30625.0,num_edges,seed006
9000,27090.0,num_edges,seed006
10000,26579.0,num_edges,seed006
11000,28818.0,num_edges,seed006
12000,29746.0,num_edges,seed006
13000,31050.0,num_edges,seed006
14000,30685.0,num_edges,seed006
15000,30951.0,num_edges,seed006
16000,31882.0,num_edges,seed006
17000,32302.0,num_edges,seed006
18000,31278.0,num_edges,seed006
19000,30347.0,num_edges,seed006
20000,29432.0,num_edges,seed006
21000,28527.0,num_edges,seed006
22000,30442.0,num_edges,seed006
23000,30159.0,num_edges,seed006
24000,29970.0,num_edges,seed006
25000,29564.0,num_edges,seed006
26000,29393.0,num_edges,seed006
27000,29367.0,num_edges,seed006
28000,28827.0,num_edges,seed006
29000,28369.0,num_edges,seed006
30000,27902.0,num_edges,seed006
1000,,num_edges_delta,seed006
2000,-975.0,num_edges_delta,seed006
3000,-483.0,num_edges_delta,seed006
4000,859.0,num_edges_delta,seed006
5000,-913.0,num_edges_delta,seed006
6000,92.0,num_edges_delta,seed006
7000,-67.0,num_edges_delta,seed006
8000,-174.0,num_edges_delta,seed006
9000,-3535.0,num_edges_delta,seed006
10000,-511.0,num_edges_delta,seed006
11000,2239.0,num_edges_delta,seed006
12000,928.0,num_edges_delta,seed006
13000,1304.0,num_edges_delta,seed006
14000,-365.0,num_edges_delta,seed006
15000,266.0,num_edges_delta,seed006
16000,931.0,num_edges_delta,seed006
17000,420.0,num_edges_delta,seed006
18000,-1024.0,num_edges_delta,seed006
19000,-931.0,num_edges_delta,seed006
20000,-915.0,num_edges_delta,seed006
21000,-905.0,num_edges_delta,seed006
22000,1915.0,num_edges_delta,seed006
23000,-283.0,num_edges_delta,seed006
24000,-189.0,num_edges_delta,seed006
25000,-406.0,num_edges_delta,seed006
26000,-171.0,num_edges_delta,seed006
27000,-26.0,num_edges_delta,seed006
28000,-540.0,num_edges_delta,seed006
29000,-458.0,num_edges_delta,seed006
30000,-467.0,num_edges_delta,seed006
1000,,num_edges_rel_change,seed006
2000,-0.0301988477978071,num_edges_rel_change,seed006
3000,-0.0154258886653252,num_edges_rel_change,seed006
4000,0.027864279226677,num_edges_rel_change,seed006
5000,-0.0288130779183892,num_edges_rel_change,seed006
6000,0.0029895366218235,num_edges_rel_change,seed006
7000,-0.0021706732326831,num_edges_rel_change,seed006
8000,-0.0056495340757817,num_edges_rel_change,seed006
9000,-0.1154285714285714,num_edges_rel_change,seed006
10000,-0.0188630490956072,num_edges_rel_change,seed006
11000,0.0842394371496293,num_edges_rel_change,seed006
12000,0.032202095912277,num_edges_rel_change,seed006
13000,0.0438378269347139,num_edges_rel_change,seed006
14000,-0.0117552334943639,num_edges_rel_change,seed006
15000,0.0086687306501547,num_edges_rel_change,seed006
16000,0.0300798035604665,num_edges_rel_change,seed006
17000,0.0131735775672794,num_edges_rel_change,seed006
18000,-0.0317008234784224,num_edges_rel_change,seed006
19000,-0.0297653302640833,num_edges_rel_change,seed006
20000,-0.030151250535473,num_edges_rel_change,seed006
21000,-0.0307488447947812,num_edges_rel_change,seed006
22000,0.0671293861955339,num_edges_rel_change,seed006
23000,-0.0092963668615728,num_edges_rel_change,seed006
24000,-0.0062667860340196,num_edges_rel_change,seed006
25000,-0.0135468802135468,num_edges_rel_change,seed006
26000,-0.0057840616966581,num_edges_rel_change,seed006
27000,-0.0008845643520566,num_edges_rel_change,seed006
28000,-0.0183879865154765,num_edges_rel_change,seed006
29000,-0.0158878828875707,num_edges_rel_change,seed006
30000,-0.0164616306531777,num_edges_rel_change,seed006
1000,256.0,num_nodes,seed006
2000,255.0,num_nodes,seed006
3000,253.0,num_nodes,seed006
4000,255.0,num_nodes,seed006
5000,255.0,num_nodes,seed006
6000,256.0,num_nodes,seed006
7000,256.0,num_nodes,seed006
8000,256.0,num_nodes,seed006
9000,252.0,num_nodes,seed006
10000,249.0,num_nodes,seed006
11000,252.0,num_nodes,seed006
12000,254.0,num_nodes,seed006
13000,254.0,num_nodes,seed006
14000,254.0,num_nodes,seed006
15000,253.0,num_nodes,seed006
16000,255.0,num_nodes,seed006
17000,256.0,num_nodes,seed006
18000,255.0,num_nodes,seed006
19000,255.0,num_nodes,seed006
20000,252.0,num_nodes,seed006
21000,253.0,num_nodes,seed006
22000,253.0,num_nodes,seed006
23000,252.0,num_nodes,seed006
24000,253.0,num_nodes,seed006
25000,251.0,num_nodes,seed006
26000,252.0,num_nodes,seed006
27000,251.0,num_nodes,seed006
28000,250.0,num_nodes,seed006
29000,248.0,num_nodes,seed006
30000,248.0,num_nodes,seed006
1000,0.7806364893913269,sae_sparsity,seed006
2000,0.7152590304613113,sae_sparsity,seed006
3000,0.7061626762151718,sae_sparsity,seed006
4000,0.7032806128263474,sae_sparsity,seed006
5000,0.6913908571004868,sae_sparsity,seed006
6000,0.6656599342823029,sae_sparsity,seed006
7000,0.657034382224083,sae_sparsity,seed006
8000,0.6672870963811874,sae_sparsity,seed006
9000,0.606027141213417,sae_sparsity,seed006
10000,0.6152178049087524,sae_sparsity,seed006
11000,0.6515175402164459,sae_sparsity,seed006
12000,0.6901910752058029,sae_sparsity,seed006
13000,0.7256450057029724,sae_sparsity,seed006
14000,0.7015997767448425,sae_sparsity,seed006
15000,0.7326539158821106,sae_sparsity,seed006
16000,0.7559497505426407,sae_sparsity,seed006
17000,0.7790569365024567,sae_sparsity,seed006
18000,0.6934863179922104,sae_sparsity,seed006
19000,0.6673690527677536,sae_sparsity,seed006
20000,0.6557921022176743,sae_sparsity,seed006
21000,0.6582663953304291,sae_sparsity,seed006
22000,0.6763433218002319,sae_sparsity,seed006
23000,0.6810625046491623,sae_sparsity,seed006
24000,0.6866284012794495,sae_sparsity,seed006
25000,0.6864670068025589,sae_sparsity,seed006
26000,0.6899233907461166,sae_sparsity,seed006
27000,0.6893880069255829,sae_sparsity,seed006
28000,0.6889918148517609,sae_sparsity,seed006
29000,0.6921093314886093,sae_sparsity,seed006
30000,0.6865561902523041,sae_sparsity,seed006
1000,0.0630977683315621,test_acc,seed006
2000,0.0787725823591923,test_acc,seed006
3000,0.0860786397449521,test_acc,seed006
4000,0.0240435706695005,test_acc,seed006
5000,0.048087141339001,test_acc,seed006
6000,0.0553931987247608,test_acc,seed006
7000,0.0580499468650371,test_acc,seed006
8000,0.0626992561105207,test_acc,seed006
9000,0.0437035069075451,test_acc,seed006
10000,0.0484856535600425,test_acc,seed006
11000,0.055260361317747,test_acc,seed006
12000,0.0605738575982996,test_acc,seed006
13000,0.0632306057385759,test_acc,seed006
14000,0.0573857598299681,test_acc,seed006
15000,0.0649574920297555,test_acc,seed006
16000,0.0721307120085015,test_acc,seed006
17000,0.078241232731137,test_acc,seed006
18000,0.1353613177470775,test_acc,seed006
19000,0.1579436769394261,test_acc,seed006
20000,0.1794633368756641,test_acc,seed006
21000,0.2130712008501594,test_acc,seed006
22000,0.8516206163655685,test_acc,seed006
23000,0.848432518597237,test_acc,seed006
24000,0.845510095642933,test_acc,seed006
25000,0.8372741764080766,test_acc,seed006
26000,0.8285069075451648,test_acc,seed006
27000,0.8148246546227418,test_acc,seed006
28000,0.803134962805526,test_acc,seed006
29000,0.7915781083953242,test_acc,seed006
30000,0.7780286928799149,test_acc,seed006
1000,0.0630977683315621,test_acc_rolling_avg,seed006
2000,0.0709351753453772,test_acc_rolling_avg,seed006
3000,0.0759829968119022,test_acc_rolling_avg,seed006
4000,0.0629649309245483,test_acc_rolling_avg,seed006
5000,0.0527364505844845,test_acc_rolling_avg,seed006
6000,0.0425079702444208,test_acc_rolling_avg,seed006
7000,0.0538434289762663,test_acc_rolling_avg,seed006
8000,0.0587141339001062,test_acc_rolling_avg,seed006
9000,0.0548175699610343,test_acc_rolling_avg,seed006
10000,0.0516294721927028,test_acc_rolling_avg,seed006
11000,0.0491498405951115,test_acc_rolling_avg,seed006
12000,0.054773290825363,test_acc_rolling_avg,seed006
13000,0.0596882748848742,test_acc_rolling_avg,seed006
14000,0.0603967410556146,test_acc_rolling_avg,seed006
15000,0.0618579525327665,test_acc_rolling_avg,seed006
16000,0.0648246546227417,test_acc_rolling_avg,seed006
17000,0.0717764789231314,test_acc_rolling_avg,seed006
18000,0.0952444208289054,test_acc_rolling_avg,seed006
19000,0.1238487424725469,test_acc_rolling_avg,seed006
20000,0.1575894438540559,test_acc_rolling_avg,seed006
21000,0.1834927382217499,test_acc_rolling_avg,seed006
22000,0.4147183846971307,test_acc_rolling_avg,seed006
23000,0.637708111937655,test_acc_rolling_avg,seed006
24000,0.8485210768685795,test_acc_rolling_avg,seed006
25000,0.8437389302160822,test_acc_rolling_avg,seed006
26000,0.8370970598653914,test_acc_rolling_avg,seed006
27000,0.8268685795253278,test_acc_rolling_avg,seed006
28000,0.8154888416578109,test_acc_rolling_avg,seed006
29000,0.8031792419411974,test_acc_rolling_avg,seed006
30000,0.790913921360255,test_acc_rolling_avg,seed006
1000,1.0,train_acc,seed006
2000,1.0,train_acc,seed006
3000,1.0,train_acc,seed006
4000,0.9723551302498672,train_acc,seed006
5000,1.0,train_acc,seed006
6000,1.0,train_acc,seed006
7000,1.0,train_acc,seed006
8000,1.0,train_acc,seed006
9000,1.0,train_acc,seed006
10000,1.0,train_acc,seed006
11000,1.0,train_acc,seed006
12000,1.0,train_acc,seed006
13000,1.0,train_acc,seed006
14000,1.0,train_acc,seed006
15000,1.0,train_acc,seed006
16000,1.0,train_acc,seed006
17000,1.0,train_acc,seed006
18000,1.0,train_acc,seed006
19000,1.0,train_acc,seed006
20000,1.0,train_acc,seed006
21000,1.0,train_acc,seed006
22000,1.0,train_acc,seed006
23000,1.0,train_acc,seed006
24000,1.0,train_acc,seed006
25000,1.0,train_acc,seed006
26000,1.0,train_acc,seed006
27000,1.0,train_acc,seed006
28000,1.0,train_acc,seed006
29000,1.0,train_acc,seed006
30000,1.0,train_acc,seed006
1000,0.0630977683315621,val_acc,seed006
2000,0.0787725823591923,val_acc,seed006
3000,0.0860786397449521,val_acc,seed006
4000,0.0240435706695005,val_acc,seed006
5000,0.048087141339001,val_acc,seed006
6000,0.0553931987247608,val_acc,seed006
7000,0.0580499468650371,val_acc,seed006
8000,0.0626992561105207,val_acc,seed006
9000,0.0437035069075451,val_acc,seed006
10000,0.0484856535600425,val_acc,seed006
11000,0.055260361317747,val_acc,seed006
12000,0.0605738575982996,val_acc,seed006
13000,0.0632306057385759,val_acc,seed006
14000,0.0573857598299681,val_acc,seed006
15000,0.0649574920297555,val_acc,seed006
16000,0.0721307120085015,val_acc,seed006
17000,0.078241232731137,val_acc,seed006
18000,0.1353613177470775,val_acc,seed006
19000,0.1579436769394261,val_acc,seed006
20000,0.1794633368756641,val_acc,seed006
21000,0.2130712008501594,val_acc,seed006
22000,0.8516206163655685,val_acc,seed006
23000,0.848432518597237,val_acc,seed006
24000,0.845510095642933,val_acc,seed006
25000,0.8372741764080766,val_acc,seed006
26000,0.8285069075451648,val_acc,seed006
27000,0.8148246546227418,val_acc,seed006
28000,0.803134962805526,val_acc,seed006
29000,0.7915781083953242,val_acc,seed006
30000,0.7780286928799149,val_acc,seed006
1000,0.984743018508206,avg_clustering,seed007
2000,0.9833317635895668,avg_clustering,seed007
3000,0.9795571617881074,avg_clustering,seed007
4000,0.981788142069802,avg_clustering,seed007
5000,0.9713823859662354,avg_clustering,seed007
6000,0.9732903975401416,avg_clustering,seed007
7000,0.9726219939096608,avg_clustering,seed007
8000,0.9765160022262348,avg_clustering,seed007
9000,0.931521796076929,avg_clustering,seed007
10000,0.9300619683362412,avg_clustering,seed007
11000,0.9519859956923984,avg_clustering,seed007
12000,0.9677770220407952,avg_clustering,seed007
13000,0.9774237154046812,avg_clustering,seed007
14000,0.9658270963084832,avg_clustering,seed007
15000,0.9709565344595452,avg_clustering,seed007
16000,0.9811161686878154,avg_clustering,seed007
17000,0.9898678323972177,avg_clustering,seed007
18000,0.9749567142465508,avg_clustering,seed007
19000,0.9680545558329994,avg_clustering,seed007
20000,0.9666314179495482,avg_clustering,seed007
21000,0.9627535514637432,avg_clustering,seed007
22000,0.9654563547579896,avg_clustering,seed007
23000,0.9657212915765246,avg_clustering,seed007
24000,0.961937465691846,avg_clustering,seed007
25000,0.9636439699712664,avg_clustering,seed007
26000,0.961412285852452,avg_clustering,seed007
27000,0.9611181133075336,avg_clustering,seed007
28000,0.959813075276113,avg_clustering,seed007
29000,0.95591654960852,avg_clustering,seed007
30000,0.9580995270971574,avg_clustering,seed007
1000,,avg_clustering_delta,seed007
2000,-0.0014112549186391,avg_clustering_delta,seed007
3000,-0.0037746018014594,avg_clustering_delta,seed007
4000,0.0022309802816947,avg_clustering_delta,seed007
5000,-0.0104057561035667,avg_clustering_delta,seed007
6000,0.0019080115739061,avg_clustering_delta,seed007
7000,-0.0006684036304808,avg_clustering_delta,seed007
8000,0.0038940083165739,avg_clustering_delta,seed007
9000,-0.0449942061493057,avg_clustering_delta,seed007
10000,-0.0014598277406877,avg_clustering_delta,seed007
11000,0.0219240273561571,avg_clustering_delta,seed007
12000,0.0157910263483967,avg_clustering_delta,seed007
13000,0.0096466933638861,avg_clustering_delta,seed007
14000,-0.0115966190961982,avg_clustering_delta,seed007
15000,0.0051294381510622,avg_clustering_delta,seed007
16000,0.01015963422827,avg_clustering_delta,seed007
17000,0.0087516637094021,avg_clustering_delta,seed007
18000,-0.0149111181506668,avg_clustering_delta,seed007
19000,-0.0069021584135513,avg_clustering_delta,seed007
20000,-0.0014231378834511,avg_clustering_delta,seed007
21000,-0.0038778664858049,avg_clustering_delta,seed007
22000,0.0027028032942464,avg_clustering_delta,seed007
23000,0.0002649368185348,avg_clustering_delta,seed007
24000,-0.0037838258846787,avg_clustering_delta,seed007
25000,0.0017065042794205,avg_clustering_delta,seed007
26000,-0.0022316841188145,avg_clustering_delta,seed007
27000,-0.0002941725449182,avg_clustering_delta,seed007
28000,-0.0013050380314205,avg_clustering_delta,seed007
29000,-0.0038965256675929,avg_clustering_delta,seed007
30000,0.0021829774886372,avg_clustering_delta,seed007
1000,,avg_clustering_rel_change,seed007
2000,-0.0014331200040159,avg_clustering_rel_change,seed007
3000,-0.0038385842309015,avg_clustering_rel_change,seed007
4000,0.0022775396564118,avg_clustering_rel_change,seed007
5000,-0.0105987795713536,avg_clustering_rel_change,seed007
6000,0.0019642229481116,avg_clustering_rel_change,seed007
7000,-0.0006867463525481,avg_clustering_rel_change,seed007
8000,0.0040036194338164,avg_clustering_rel_change,seed007
9000,-0.0460762609590924,avg_clustering_rel_change,seed007
10000,-0.0015671428696953,avg_clustering_rel_change,seed007
11000,0.0235726522560388,avg_clustering_rel_change,seed007
12000,0.0165874565590764,avg_clustering_rel_change,seed007
13000,0.009967888412502,avg_clustering_rel_change,seed007
14000,-0.0118644748571472,avg_clustering_rel_change,seed007
15000,0.0053109279814862,avg_clustering_rel_change,seed007
16000,0.0104635314431713,avg_clustering_rel_change,seed007
17000,0.0089201095534965,avg_clustering_rel_change,seed007
18000,-0.0150637465554929,avg_clustering_rel_change,seed007
19000,-0.0070794511312077,avg_clustering_rel_change,seed007
20000,-0.0014701009099911,avg_clustering_rel_change,seed007
21000,-0.0040117323043676,avg_clustering_rel_change,seed007
22000,0.002807367773546,avg_clustering_rel_change,seed007
23000,0.0002744161527645,avg_clustering_rel_change,seed007
24000,-0.0039181344738725,avg_clustering_rel_change,seed007
25000,0.0017740282921543,avg_clustering_rel_change,seed007
26000,-0.0023158803337721,avg_clustering_rel_change,seed007
27000,-0.0003059795981881,avg_clustering_rel_change,seed007
28000,-0.0013578331459486,avg_clustering_rel_change,seed007
29000,-0.0040596713755665,avg_clustering_rel_change,seed007
30000,0.0022836485983335,avg_clustering_rel_change,seed007
1000,0.984743018508206,avg_clustering_rolling_avg,seed007
2000,0.9840373910488864,avg_clustering_rolling_avg,seed007
3000,0.9825439812952932,avg_clustering_rolling_avg,seed007
4000,0.9815590224824922,avg_clustering_rolling_avg,seed007
5000,0.9775758966080482,avg_clustering_rolling_avg,seed007
6000,0.9754869751920596,avg_clustering_rolling_avg,seed007
7000,0.9724315924720126,avg_clustering_rolling_avg,seed007
8000,0.9741427978920122,avg_clustering_rolling_avg,seed007
9000,0.960219930737608,avg_clustering_rolling_avg,seed007
10000,0.9460332555464684,avg_clustering_rolling_avg,seed007
11000,0.937856586701856,avg_clustering_rolling_avg,seed007
12000,0.949941662023145,avg_clustering_rolling_avg,seed007
13000,0.9657289110459584,avg_clustering_rolling_avg,seed007
14000,0.97034261125132,avg_clustering_rolling_avg,seed007
15000,0.9714024487242366,avg_clustering_rolling_avg,seed007
16000,0.9726332664852814,avg_clustering_rolling_avg,seed007
17000,0.980646845181526,avg_clustering_rolling_avg,seed007
18000,0.9819802384438612,avg_clustering_rolling_avg,seed007
19000,0.977626367492256,avg_clustering_rolling_avg,seed007
20000,0.9698808960096996,avg_clustering_rolling_avg,seed007
21000,0.965813175082097,avg_clustering_rolling_avg,seed007
22000,0.9649471080570938,avg_clustering_rolling_avg,seed007
23000,0.9646437325994192,avg_clustering_rolling_avg,seed007
24000,0.9643717040087868,avg_clustering_rolling_avg,seed007
25000,0.9637675757465456,avg_clustering_rolling_avg,seed007
26000,0.962331240505188,avg_clustering_rolling_avg,seed007
27000,0.9620581230437508,avg_clustering_rolling_avg,seed007
28000,0.960781158145366,avg_clustering_rolling_avg,seed007
29000,0.9589492460640556,avg_clustering_rolling_avg,seed007
30000,0.9579430506605968,avg_clustering_rolling_avg,seed007
1000,250.1953125,avg_degree,seed007
2000,250.0078125,avg_degree,seed007
3000,247.078125,avg_degree,seed007
4000,247.8203125,avg_degree,seed007
5000,239.28346456692915,avg_degree,seed007
6000,236.398406374502,avg_degree,seed007
7000,236.61111111111111,avg_degree,seed007
8000,238.9296875,avg_degree,seed007
9000,207.51612903225808,avg_degree,seed007
10000,213.176,avg_degree,seed007
11000,228.81274900398407,avg_degree,seed007
12000,236.199203187251,avg_degree,seed007
13000,243.8897637795276,avg_degree,seed007
14000,240.4921875,avg_degree,seed007
15000,242.25,avg_degree,seed007
16000,248.90625,avg_degree,seed007
17000,251.1137254901961,avg_degree,seed007
18000,242.7058823529412,avg_degree,seed007
19000,238.5647058823529,avg_degree,seed007
20000,234.4047619047619,avg_degree,seed007
21000,230.9641434262948,avg_degree,seed007
22000,239.140625,avg_degree,seed007
23000,238.0235294117647,avg_degree,seed007
24000,239.2313725490196,avg_degree,seed007
25000,238.1019607843137,avg_degree,seed007
26000,237.96062992125985,avg_degree,seed007
27000,236.7193675889328,avg_degree,seed007
28000,233.73228346456693,avg_degree,seed007
29000,233.81102362204723,avg_degree,seed007
30000,233.11023622047244,avg_degree,seed007
1000,0.9811580882352942,density,seed007
2000,0.9804227941176472,density,seed007
3000,0.9689338235294118,density,seed007
4000,0.971844362745098,density,seed007
5000,0.9457844449285736,density,seed007
6000,0.945593625498008,density,seed007
7000,0.9426737494466578,density,seed007
8000,0.9369791666666668,density,seed007
9000,0.8401462713856602,density,seed007
10000,0.8561285140562249,density,seed007
11000,0.9152509960159364,density,seed007
12000,0.944796812749004,density,seed007
13000,0.9639911611839034,density,seed007
14000,0.9431066176470588,density,seed007
15000,0.95,density,seed007
16000,0.9761029411764706,density,seed007
17000,0.988636714528331,density,seed007
18000,0.9555349698934692,density,seed007
19000,0.9392311255210746,density,seed007
20000,0.9338835135647884,density,seed007
21000,0.9238565737051792,density,seed007
22000,0.9378063725490196,density,seed007
23000,0.9371005094951368,density,seed007
24000,0.941855797437085,density,seed007
25000,0.937409294426432,density,seed007
26000,0.9405558494911456,density,seed007
27000,0.9393625697973524,density,seed007
28000,0.9238430176465096,density,seed007
29000,0.924154243565404,density,seed007
30000,0.9213843328872428,density,seed007
1000,,density_delta,seed007
2000,-0.000735294117647,density_delta,seed007
3000,-0.0114889705882352,density_delta,seed007
4000,0.0029105392156861,density_delta,seed007
5000,-0.0260599178165243,density_delta,seed007
6000,-0.0001908194305656,density_delta,seed007
7000,-0.0029198760513501,density_delta,seed007
8000,-0.0056945827799911,density_delta,seed007
9000,-0.0968328952810064,density_delta,seed007
10000,0.0159822426705646,density_delta,seed007
11000,0.0591224819597113,density_delta,seed007
12000,0.0295458167330676,density_delta,seed007
13000,0.0191943484348994,density_delta,seed007
14000,-0.0208845435368445,density_delta,seed007
15000,0.0068933823529411,density_delta,seed007
16000,0.0261029411764706,density_delta,seed007
17000,0.0125337733518604,density_delta,seed007
18000,-0.0331017446348618,density_delta,seed007
19000,-0.0163038443723946,density_delta,seed007
20000,-0.005347611956286,density_delta,seed007
21000,-0.0100269398596092,density_delta,seed007
22000,0.0139497988438404,density_delta,seed007
23000,-0.0007058630538829,density_delta,seed007
24000,0.0047552879419483,density_delta,seed007
25000,-0.004446503010653,density_delta,seed007
26000,0.0031465550647136,density_delta,seed007
27000,-0.0011932796937931,density_delta,seed007
28000,-0.0155195521508428,density_delta,seed007
29000,0.0003112259188945,density_delta,seed007
30000,-0.0027699106781612,density_delta,seed007
1000,,density_rel_change,seed007
2000,-0.0007494145199062,density_rel_change,seed007
3000,-0.0117183838005062,density_rel_change,seed007
4000,0.0030038575855309,density_rel_change,seed007
5000,-0.0268149086577142,density_rel_change,seed007
6000,-0.000201757844072,density_rel_change,seed007
7000,-0.0030878762003205,density_rel_change,seed007
8000,-0.006040884010331,density_rel_change,seed007
9000,-0.1033458359863993,density_rel_change,seed007
10000,0.0190231668161844,density_rel_change,seed007
11000,0.0690579521520626,density_rel_change,seed007
12000,0.0322816548265774,density_rel_change,seed007
13000,0.0203158479959846,density_rel_change,seed007
14000,-0.0216646628908876,density_rel_change,seed007
15000,0.0073092291199687,density_rel_change,seed007
16000,0.0274767801857584,density_rel_change,seed007
17000,0.0128406265600979,density_rel_change,seed007
18000,-0.0334822125745697,density_rel_change,seed007
19000,-0.0170625302956859,density_rel_change,seed007
20000,-0.0056936059836382,density_rel_change,seed007
21000,-0.0107368207211783,density_rel_change,seed007
22000,0.0150995286940416,density_rel_change,seed007
23000,-0.0007526746187108,density_rel_change,seed007
24000,0.0050744694872808,density_rel_change,seed007
25000,-0.0047210019015146,density_rel_change,seed007
26000,0.0033566501670316,density_rel_change,seed007
27000,-0.0012686962655527,density_rel_change,seed007
28000,-0.0165213652851751,density_rel_change,seed007
29000,0.0003368818218569,density_rel_change,seed007
30000,-0.00299723849936,density_rel_change,seed007
1000,0.9811580882352942,density_rolling_avg,seed007
2000,0.9807904411764706,density_rolling_avg,seed007
3000,0.9768382352941176,density_rolling_avg,seed007
4000,0.973733660130719,density_rolling_avg,seed007
5000,0.9621875437343612,density_rolling_avg,seed007
6000,0.9544074777238932,density_rolling_avg,seed007
7000,0.9446839399577466,density_rolling_avg,seed007
8000,0.9417488472037776,density_rolling_avg,seed007
9000,0.9065997291663282,density_rolling_avg,seed007
10000,0.8777513173695173,density_rolling_avg,seed007
11000,0.8705085938192738,density_rolling_avg,seed007
12000,0.9053921076070552,density_rolling_avg,seed007
13000,0.9413463233162812,density_rolling_avg,seed007
14000,0.9506315305266554,density_rolling_avg,seed007
15000,0.9523659262769874,density_rolling_avg,seed007
16000,0.9564031862745098,density_rolling_avg,seed007
17000,0.971579885234934,density_rolling_avg,seed007
18000,0.9734248751994236,density_rolling_avg,seed007
19000,0.9611342699809584,density_rolling_avg,seed007
20000,0.9428832029931108,density_rolling_avg,seed007
21000,0.932323737597014,density_rolling_avg,seed007
22000,0.9318488199396624,density_rolling_avg,seed007
23000,0.9329211519164452,density_rolling_avg,seed007
24000,0.938920893160414,density_rolling_avg,seed007
25000,0.938788533786218,density_rolling_avg,seed007
26000,0.9399403137848876,density_rolling_avg,seed007
27000,0.9391092379049768,density_rolling_avg,seed007
28000,0.9345871456450028,density_rolling_avg,seed007
29000,0.9291199436697554,density_rolling_avg,seed007
30000,0.9231271980330522,density_rolling_avg,seed007
1000,256.0,largest_component_size,seed007
2000,256.0,largest_component_size,seed007
3000,256.0,largest_component_size,seed007
4000,256.0,largest_component_size,seed007
5000,254.0,largest_component_size,seed007
6000,251.0,largest_component_size,seed007
7000,252.0,largest_component_size,seed007
8000,256.0,largest_component_size,seed007
9000,248.0,largest_component_size,seed007
10000,250.0,largest_component_size,seed007
11000,251.0,largest_component_size,seed007
12000,251.0,largest_component_size,seed007
13000,254.0,largest_component_size,seed007
14000,256.0,largest_component_size,seed007
15000,256.0,largest_component_size,seed007
16000,256.0,largest_component_size,seed007
17000,255.0,largest_component_size,seed007
18000,255.0,largest_component_size,seed007
19000,255.0,largest_component_size,seed007
20000,252.0,largest_component_size,seed007
21000,251.0,largest_component_size,seed007
22000,256.0,largest_component_size,seed007
23000,255.0,largest_component_size,seed007
24000,255.0,largest_component_size,seed007
25000,255.0,largest_component_size,seed007
26000,254.0,largest_component_size,seed007
27000,253.0,largest_component_size,seed007
28000,254.0,largest_component_size,seed007
29000,254.0,largest_component_size,seed007
30000,254.0,largest_component_size,seed007
1000,,largest_component_size_delta,seed007
2000,0.0,largest_component_size_delta,seed007
3000,0.0,largest_component_size_delta,seed007
4000,0.0,largest_component_size_delta,seed007
5000,-2.0,largest_component_size_delta,seed007
6000,-3.0,largest_component_size_delta,seed007
7000,1.0,largest_component_size_delta,seed007
8000,4.0,largest_component_size_delta,seed007
9000,-8.0,largest_component_size_delta,seed007
10000,2.0,largest_component_size_delta,seed007
11000,1.0,largest_component_size_delta,seed007
12000,0.0,largest_component_size_delta,seed007
13000,3.0,largest_component_size_delta,seed007
14000,2.0,largest_component_size_delta,seed007
15000,0.0,largest_component_size_delta,seed007
16000,0.0,largest_component_size_delta,seed007
17000,-1.0,largest_component_size_delta,seed007
18000,0.0,largest_component_size_delta,seed007
19000,0.0,largest_component_size_delta,seed007
20000,-3.0,largest_component_size_delta,seed007
21000,-1.0,largest_component_size_delta,seed007
22000,5.0,largest_component_size_delta,seed007
23000,-1.0,largest_component_size_delta,seed007
24000,0.0,largest_component_size_delta,seed007
25000,0.0,largest_component_size_delta,seed007
26000,-1.0,largest_component_size_delta,seed007
27000,-1.0,largest_component_size_delta,seed007
28000,1.0,largest_component_size_delta,seed007
29000,0.0,largest_component_size_delta,seed007
30000,0.0,largest_component_size_delta,seed007
1000,,largest_component_size_rel_change,seed007
2000,0.0,largest_component_size_rel_change,seed007
3000,0.0,largest_component_size_rel_change,seed007
4000,0.0,largest_component_size_rel_change,seed007
5000,-0.0078125,largest_component_size_rel_change,seed007
6000,-0.0118110236220472,largest_component_size_rel_change,seed007
7000,0.0039840637450199,largest_component_size_rel_change,seed007
8000,0.0158730158730158,largest_component_size_rel_change,seed007
9000,-0.03125,largest_component_size_rel_change,seed007
10000,0.0080645161290322,largest_component_size_rel_change,seed007
11000,0.004,largest_component_size_rel_change,seed007
12000,0.0,largest_component_size_rel_change,seed007
13000,0.0119521912350597,largest_component_size_rel_change,seed007
14000,0.0078740157480314,largest_component_size_rel_change,seed007
15000,0.0,largest_component_size_rel_change,seed007
16000,0.0,largest_component_size_rel_change,seed007
17000,-0.00390625,largest_component_size_rel_change,seed007
18000,0.0,largest_component_size_rel_change,seed007
19000,0.0,largest_component_size_rel_change,seed007
20000,-0.0117647058823529,largest_component_size_rel_change,seed007
21000,-0.0039682539682539,largest_component_size_rel_change,seed007
22000,0.0199203187250995,largest_component_size_rel_change,seed007
23000,-0.00390625,largest_component_size_rel_change,seed007
24000,0.0,largest_component_size_rel_change,seed007
25000,0.0,largest_component_size_rel_change,seed007
26000,-0.0039215686274509,largest_component_size_rel_change,seed007
27000,-0.0039370078740157,largest_component_size_rel_change,seed007
28000,0.0039525691699604,largest_component_size_rel_change,seed007
29000,0.0,largest_component_size_rel_change,seed007
30000,0.0,largest_component_size_rel_change,seed007
1000,255.0,max_degree,seed007
2000,255.0,max_degree,seed007
3000,255.0,max_degree,seed007
4000,254.0,max_degree,seed007
5000,250.0,max_degree,seed007
6000,248.0,max_degree,seed007
7000,248.0,max_degree,seed007
8000,250.0,max_degree,seed007
9000,237.0,max_degree,seed007
10000,241.0,max_degree,seed007
11000,247.0,max_degree,seed007
12000,248.0,max_degree,seed007
13000,252.0,max_degree,seed007
14000,253.0,max_degree,seed007
15000,253.0,max_degree,seed007
16000,255.0,max_degree,seed007
17000,254.0,max_degree,seed007
18000,252.0,max_degree,seed007
19000,250.0,max_degree,seed007
20000,248.0,max_degree,seed007
21000,246.0,max_degree,seed007
22000,253.0,max_degree,seed007
23000,252.0,max_degree,seed007
24000,253.0,max_degree,seed007
25000,252.0,max_degree,seed007
26000,252.0,max_degree,seed007
27000,251.0,max_degree,seed007
28000,250.0,max_degree,seed007
29000,251.0,max_degree,seed007
30000,250.0,max_degree,seed007
1000,0.0005263915329891,modularity,seed007
2000,0.0002863145654609,modularity,seed007
3000,0.000364395796808,modularity,seed007
4000,0.0031586928580224,modularity,seed007
5000,0.0,modularity,seed007
6000,0.0,modularity,seed007
7000,0.0,modularity,seed007
8000,0.0002021241997667,modularity,seed007
9000,0.0,modularity,seed007
10000,0.0,modularity,seed007
11000,0.0,modularity,seed007
12000,0.0,modularity,seed007
13000,0.0,modularity,seed007
14000,0.0026161953099446,modularity,seed007
15000,0.002929682490901,modularity,seed007
16000,0.0016670242009913,modularity,seed007
17000,0.0,modularity,seed007
18000,0.0,modularity,seed007
19000,0.0,modularity,seed007
20000,0.0,modularity,seed007
21000,0.0,modularity,seed007
22000,0.000706518397957,modularity,seed007
23000,0.0,modularity,seed007
24000,0.0,modularity,seed007
25000,0.0,modularity,seed007
26000,0.0,modularity,seed007
27000,0.0,modularity,seed007
28000,0.0,modularity,seed007
29000,0.0,modularity,seed007
30000,0.0,modularity,seed007
1000,1.0,num_components,seed007
2000,1.0,num_components,seed007
3000,1.0,num_components,seed007
4000,1.0,num_components,seed007
5000,1.0,num_components,seed007
6000,1.0,num_components,seed007
7000,1.0,num_components,seed007
8000,1.0,num_components,seed007
9000,1.0,num_components,seed007
10000,1.0,num_components,seed007
11000,1.0,num_components,seed007
12000,1.0,num_components,seed007
13000,1.0,num_components,seed007
14000,1.0,num_components,seed007
15000,1.0,num_components,seed007
16000,1.0,num_components,seed007
17000,1.0,num_components,seed007
18000,1.0,num_components,seed007
19000,1.0,num_components,seed007
20000,1.0,num_components,seed007
21000,1.0,num_components,seed007
22000,1.0,num_components,seed007
23000,1.0,num_components,seed007
24000,1.0,num_components,seed007
25000,1.0,num_components,seed007
26000,1.0,num_components,seed007
27000,1.0,num_components,seed007
28000,1.0,num_components,seed007
29000,1.0,num_components,seed007
30000,1.0,num_components,seed007
1000,32025.0,num_edges,seed007
2000,32001.0,num_edges,seed007
3000,31626.0,num_edges,seed007
4000,31721.0,num_edges,seed007
5000,30389.0,num_edges,seed007
6000,29668.0,num_edges,seed007
7000,29813.0,num_edges,seed007
8000,30583.0,num_edges,seed007
9000,25732.0,num_edges,seed007
10000,26647.0,num_edges,seed007
11000,28716.0,num_edges,seed007
12000,29643.0,num_edges,seed007
13000,30974.0,num_edges,seed007
14000,30783.0,num_edges,seed007
15000,31008.0,num_edges,seed007
16000,31860.0,num_edges,seed007
17000,32017.0,num_edges,seed007
18000,30945.0,num_edges,seed007
19000,30417.0,num_edges,seed007
20000,29535.0,num_edges,seed007
21000,28986.0,num_edges,seed007
22000,30610.0,num_edges,seed007
23000,30348.0,num_edges,seed007
24000,30502.0,num_edges,seed007
25000,30358.0,num_edges,seed007
26000,30221.0,num_edges,seed007
27000,29945.0,num_edges,seed007
28000,29684.0,num_edges,seed007
29000,29694.0,num_edges,seed007
30000,29605.0,num_edges,seed007
1000,,num_edges_delta,seed007
2000,-24.0,num_edges_delta,seed007
3000,-375.0,num_edges_delta,seed007
4000,95.0,num_edges_delta,seed007
5000,-1332.0,num_edges_delta,seed007
6000,-721.0,num_edges_delta,seed007
7000,145.0,num_edges_delta,seed007
8000,770.0,num_edges_delta,seed007
9000,-4851.0,num_edges_delta,seed007
10000,915.0,num_edges_delta,seed007
11000,2069.0,num_edges_delta,seed007
12000,927.0,num_edges_delta,seed007
13000,1331.0,num_edges_delta,seed007
14000,-191.0,num_edges_delta,seed007
15000,225.0,num_edges_delta,seed007
16000,852.0,num_edges_delta,seed007
17000,157.0,num_edges_delta,seed007
18000,-1072.0,num_edges_delta,seed007
19000,-528.0,num_edges_delta,seed007
20000,-882.0,num_edges_delta,seed007
21000,-549.0,num_edges_delta,seed007
22000,1624.0,num_edges_delta,seed007
23000,-262.0,num_edges_delta,seed007
24000,154.0,num_edges_delta,seed007
25000,-144.0,num_edges_delta,seed007
26000,-137.0,num_edges_delta,seed007
27000,-276.0,num_edges_delta,seed007
28000,-261.0,num_edges_delta,seed007
29000,10.0,num_edges_delta,seed007
30000,-89.0,num_edges_delta,seed007
1000,,num_edges_rel_change,seed007
2000,-0.0007494145199062,num_edges_rel_change,seed007
3000,-0.0117183838005062,num_edges_rel_change,seed007
4000,0.0030038575855309,num_edges_rel_change,seed007
5000,-0.0419911099902272,num_edges_rel_change,seed007
6000,-0.0237256902168547,num_edges_rel_change,seed007
7000,0.0048874207900768,num_edges_rel_change,seed007
8000,0.0258276590749002,num_edges_rel_change,seed007
9000,-0.1586175326161593,num_edges_rel_change,seed007
10000,0.0355588372454531,num_edges_rel_change,seed007
11000,0.0776447630127219,num_edges_rel_change,seed007
12000,0.0322816548265774,num_edges_rel_change,seed007
13000,0.0449009884289715,num_edges_rel_change,seed007
14000,-0.0061664621940982,num_edges_rel_change,seed007
15000,0.0073092291199687,num_edges_rel_change,seed007
16000,0.0274767801857584,num_edges_rel_change,seed007
17000,0.0049278091650972,num_edges_rel_change,seed007
18000,-0.0334822125745697,num_edges_rel_change,seed007
19000,-0.0170625302956859,num_edges_rel_change,seed007
20000,-0.0289969424992603,num_edges_rel_change,seed007
21000,-0.0185881157948196,num_edges_rel_change,seed007
22000,0.0560270475401918,num_edges_rel_change,seed007
23000,-0.0085592943482522,num_edges_rel_change,seed007
24000,0.0050744694872808,num_edges_rel_change,seed007
25000,-0.0047210019015146,num_edges_rel_change,seed007
26000,-0.0045128137558468,num_edges_rel_change,seed007
27000,-0.0091327222792098,num_edges_rel_change,seed007
28000,-0.0087159792953748,num_edges_rel_change,seed007
29000,0.0003368818218569,num_edges_rel_change,seed007
30000,-0.0029972384993601,num_edges_rel_change,seed007
1000,256.0,num_nodes,seed007
2000,256.0,num_nodes,seed007
3000,256.0,num_nodes,seed007
4000,256.0,num_nodes,seed007
5000,254.0,num_nodes,seed007
6000,251.0,num_nodes,seed007
7000,252.0,num_nodes,seed007
8000,256.0,num_nodes,seed007
9000,248.0,num_nodes,seed007
10000,250.0,num_nodes,seed007
11000,251.0,num_nodes,seed007
12000,251.0,num_nodes,seed007
13000,254.0,num_nodes,seed007
14000,256.0,num_nodes,seed007
15000,256.0,num_nodes,seed007
16000,256.0,num_nodes,seed007
17000,255.0,num_nodes,seed007
18000,255.0,num_nodes,seed007
19000,255.0,num_nodes,seed007
20000,252.0,num_nodes,seed007
21000,251.0,num_nodes,seed007
22000,256.0,num_nodes,seed007
23000,255.0,num_nodes,seed007
24000,255.0,num_nodes,seed007
25000,255.0,num_nodes,seed007
26000,254.0,num_nodes,seed007
27000,253.0,num_nodes,seed007
28000,254.0,num_nodes,seed007
29000,254.0,num_nodes,seed007
30000,254.0,num_nodes,seed007
1000,0.7594788670539856,sae_sparsity,seed007
2000,0.748130276799202,sae_sparsity,seed007
3000,0.7381620705127716,sae_sparsity,seed007
4000,0.7050498425960541,sae_sparsity,seed007
5000,0.6997395157814026,sae_sparsity,seed007
6000,0.7129745483398438,sae_sparsity,seed007
7000,0.7032508850097656,sae_sparsity,seed007
8000,0.7092439085245132,sae_sparsity,seed007
9000,0.5933272242546082,sae_sparsity,seed007
10000,0.5868868380784988,sae_sparsity,seed007
11000,0.6334744095802307,sae_sparsity,seed007
12000,0.664406344294548,sae_sparsity,seed007
13000,0.7021138370037079,sae_sparsity,seed007
14000,0.6792400032281876,sae_sparsity,seed007
15000,0.6941094249486923,sae_sparsity,seed007
16000,0.7309091538190842,sae_sparsity,seed007
17000,0.7504118531942368,sae_sparsity,seed007
18000,0.6987024545669556,sae_sparsity,seed007
19000,0.6985423713922501,sae_sparsity,seed007
20000,0.6993341147899628,sae_sparsity,seed007
21000,0.6937829405069351,sae_sparsity,seed007
22000,0.6550446897745132,sae_sparsity,seed007
23000,0.6583849191665649,sae_sparsity,seed007
24000,0.669654980301857,sae_sparsity,seed007
25000,0.6813316345214844,sae_sparsity,seed007
26000,0.6806430220603943,sae_sparsity,seed007
27000,0.6883217394351959,sae_sparsity,seed007
28000,0.6917174756526947,sae_sparsity,seed007
29000,0.6922153532505035,sae_sparsity,seed007
30000,0.6944980025291443,sae_sparsity,seed007
1000,0.0630977683315621,test_acc,seed007
2000,0.0787725823591923,test_acc,seed007
3000,0.0860786397449521,test_acc,seed007
4000,0.0240435706695005,test_acc,seed007
5000,0.048087141339001,test_acc,seed007
6000,0.0553931987247608,test_acc,seed007
7000,0.0580499468650371,test_acc,seed007
8000,0.0626992561105207,test_acc,seed007
9000,0.0437035069075451,test_acc,seed007
10000,0.0484856535600425,test_acc,seed007
11000,0.055260361317747,test_acc,seed007
12000,0.0605738575982996,test_acc,seed007
13000,0.0632306057385759,test_acc,seed007
14000,0.0573857598299681,test_acc,seed007
15000,0.0649574920297555,test_acc,seed007
16000,0.0721307120085015,test_acc,seed007
17000,0.078241232731137,test_acc,seed007
18000,0.1353613177470775,test_acc,seed007
19000,0.1579436769394261,test_acc,seed007
20000,0.1794633368756641,test_acc,seed007
21000,0.2130712008501594,test_acc,seed007
22000,0.8516206163655685,test_acc,seed007
23000,0.848432518597237,test_acc,seed007
24000,0.845510095642933,test_acc,seed007
25000,0.8372741764080766,test_acc,seed007
26000,0.8285069075451648,test_acc,seed007
27000,0.8148246546227418,test_acc,seed007
28000,0.803134962805526,test_acc,seed007
29000,0.7915781083953242,test_acc,seed007
30000,0.7780286928799149,test_acc,seed007
1000,0.0630977683315621,test_acc_rolling_avg,seed007
2000,0.0709351753453772,test_acc_rolling_avg,seed007
3000,0.0759829968119022,test_acc_rolling_avg,seed007
4000,0.0629649309245483,test_acc_rolling_avg,seed007
5000,0.0527364505844845,test_acc_rolling_avg,seed007
6000,0.0425079702444208,test_acc_rolling_avg,seed007
7000,0.0538434289762663,test_acc_rolling_avg,seed007
8000,0.0587141339001062,test_acc_rolling_avg,seed007
9000,0.0548175699610343,test_acc_rolling_avg,seed007
10000,0.0516294721927028,test_acc_rolling_avg,seed007
11000,0.0491498405951115,test_acc_rolling_avg,seed007
12000,0.054773290825363,test_acc_rolling_avg,seed007
13000,0.0596882748848742,test_acc_rolling_avg,seed007
14000,0.0603967410556146,test_acc_rolling_avg,seed007
15000,0.0618579525327665,test_acc_rolling_avg,seed007
16000,0.0648246546227417,test_acc_rolling_avg,seed007
17000,0.0717764789231314,test_acc_rolling_avg,seed007
18000,0.0952444208289054,test_acc_rolling_avg,seed007
19000,0.1238487424725469,test_acc_rolling_avg,seed007
20000,0.1575894438540559,test_acc_rolling_avg,seed007
21000,0.1834927382217499,test_acc_rolling_avg,seed007
22000,0.4147183846971307,test_acc_rolling_avg,seed007
23000,0.637708111937655,test_acc_rolling_avg,seed007
24000,0.8485210768685795,test_acc_rolling_avg,seed007
25000,0.8437389302160822,test_acc_rolling_avg,seed007
26000,0.8370970598653914,test_acc_rolling_avg,seed007
27000,0.8268685795253278,test_acc_rolling_avg,seed007
28000,0.8154888416578109,test_acc_rolling_avg,seed007
29000,0.8031792419411974,test_acc_rolling_avg,seed007
30000,0.790913921360255,test_acc_rolling_avg,seed007
1000,1.0,train_acc,seed007
2000,1.0,train_acc,seed007
3000,1.0,train_acc,seed007
4000,0.9723551302498672,train_acc,seed007
5000,1.0,train_acc,seed007
6000,1.0,train_acc,seed007
7000,1.0,train_acc,seed007
8000,1.0,train_acc,seed007
9000,1.0,train_acc,seed007
10000,1.0,train_acc,seed007
11000,1.0,train_acc,seed007
12000,1.0,train_acc,seed007
13000,1.0,train_acc,seed007
14000,1.0,train_acc,seed007
15000,1.0,train_acc,seed007
16000,1.0,train_acc,seed007
17000,1.0,train_acc,seed007
18000,1.0,train_acc,seed007
19000,1.0,train_acc,seed007
20000,1.0,train_acc,seed007
21000,1.0,train_acc,seed007
22000,1.0,train_acc,seed007
23000,1.0,train_acc,seed007
24000,1.0,train_acc,seed007
25000,1.0,train_acc,seed007
26000,1.0,train_acc,seed007
27000,1.0,train_acc,seed007
28000,1.0,train_acc,seed007
29000,1.0,train_acc,seed007
30000,1.0,train_acc,seed007
1000,0.0630977683315621,val_acc,seed007
2000,0.0787725823591923,val_acc,seed007
3000,0.0860786397449521,val_acc,seed007
4000,0.0240435706695005,val_acc,seed007
5000,0.048087141339001,val_acc,seed007
6000,0.0553931987247608,val_acc,seed007
7000,0.0580499468650371,val_acc,seed007
8000,0.0626992561105207,val_acc,seed007
9000,0.0437035069075451,val_acc,seed007
10000,0.0484856535600425,val_acc,seed007
11000,0.055260361317747,val_acc,seed007
12000,0.0605738575982996,val_acc,seed007
13000,0.0632306057385759,val_acc,seed007
14000,0.0573857598299681,val_acc,seed007
15000,0.0649574920297555,val_acc,seed007
16000,0.0721307120085015,val_acc,seed007
17000,0.078241232731137,val_acc,seed007
18000,0.1353613177470775,val_acc,seed007
19000,0.1579436769394261,val_acc,seed007
20000,0.1794633368756641,val_acc,seed007
21000,0.2130712008501594,val_acc,seed007
22000,0.8516206163655685,val_acc,seed007
23000,0.848432518597237,val_acc,seed007
24000,0.845510095642933,val_acc,seed007
25000,0.8372741764080766,val_acc,seed007
26000,0.8285069075451648,val_acc,seed007
27000,0.8148246546227418,val_acc,seed007
28000,0.803134962805526,val_acc,seed007
29000,0.7915781083953242,val_acc,seed007
30000,0.7780286928799149,val_acc,seed007
