{
  "num_nodes": 229,
  "num_edges": 20569,
  "density": 0.7879031640235961,
  "avg_degree": 179.64192139737992,
  "max_degree": 205,
  "num_components": 5,
  "largest_component_size": 221,
  "avg_clustering": 0.9245152738657966,
  "modularity": 0
}