{
  "num_nodes": 204,
  "num_edges": 20484,
  "density": 0.9892784700086932,
  "avg_degree": 200.8235294117647,
  "max_degree": 203,
  "num_components": 1,
  "largest_component_size": 204,
  "avg_clustering": 0.9916019735408503,
  "modularity": 0
}