{
  "num_nodes": 209,
  "num_edges": 18798,
  "density": 0.8648325358851675,
  "avg_degree": 179.88516746411483,
  "max_degree": 194,
  "num_components": 6,
  "largest_component_size": 198,
  "avg_clustering": 0.9335103252128041,
  "modularity": 0
}