{
  "num_nodes": 222,
  "num_edges": 23598,
  "density": 0.9619664913782561,
  "avg_degree": 212.59459459459458,
  "max_degree": 220,
  "num_components": 1,
  "largest_component_size": 222,
  "avg_clustering": 0.9777925451174833,
  "modularity": 0
}